ts_code,trade_date,pre_close,pre_settle,open,high,low,close,settle,change1,change2,vol,amount,oi,oi_chg
RB.SHF,20170901,3927.0,3851.0,3915.0,4097.0,3903.0,4062.0,3993.0,211.0,142.0,5397808.0,21558086.208,3874380.0,
RB.SHF,20170904,4062.0,3993.0,4060.0,4194.0,4040.0,4060.0,4098.0,67.0,105.0,4660264.0,19098801.128,3722486.0,
RB.SHF,20170905,4060.0,4098.0,4060.0,4127.0,4051.0,4084.0,4088.0,-14.0,-10.0,3474268.0,14204138.852,3731902.0,
RB.SHF,20170906,4084.0,4088.0,4081.0,4137.0,3983.0,3986.0,4055.0,-102.0,-33.0,4279668.0,17356353.602,3764716.0,
RB.SHF,20170907,3986.0,4055.0,3998.0,4027.0,3934.0,3958.0,3982.0,-97.0,-73.0,4500946.0,17924327.804,3658508.0,
RB.SHF,20170908,3958.0,3982.0,3951.0,4038.0,3887.0,3916.0,3961.0,-66.0,-21.0,5079692.0,20122481.626,3633306.0,
RB.SHF,20170911,3916.0,3961.0,3912.0,3946.0,3835.0,3915.0,3901.0,-46.0,-60.0,3909502.0,15252143.136,3502388.0,
RB.SHF,20170912,3915.0,3901.0,3915.0,3965.0,3878.0,3959.0,3923.0,58.0,22.0,4357690.0,17095606.246,3525144.0,
RB.SHF,20170913,3959.0,3923.0,3951.0,4001.0,3900.0,3914.0,3948.0,-9.0,25.0,4162678.0,16438009.856,3538916.0,
RB.SHF,20170914,3914.0,3948.0,3913.0,3940.0,3818.0,3831.0,3880.0,-117.0,-68.0,5110450.0,19833459.024,3787372.0,
RB.SHF,20170915,3831.0,3880.0,3831.0,3858.0,3777.0,3805.0,3820.0,-75.0,-60.0,3729164.0,14247319.152,3631466.0,
RB.SHF,20170918,3805.0,3820.0,3808.0,3830.0,3742.0,3801.0,3787.0,-19.0,-33.0,3851596.0,14588793.474,3679306.0,
RB.SHF,20170919,3801.0,3787.0,3796.0,3834.0,3735.0,3740.0,3789.0,-47.0,2.0,3327328.0,12609979.124,3603726.0,
RB.SHF,20170920,3740.0,3789.0,3738.0,3788.0,3707.0,3758.0,3746.0,-31.0,-43.0,3418992.0,12809078.68,3576370.0,
RB.SHF,20170921,3758.0,3746.0,3768.0,3799.0,3650.0,3655.0,3723.0,-91.0,-23.0,4317254.0,16075335.228,3831526.0,
RB.SHF,20170922,3655.0,3723.0,3650.0,3654.0,3527.0,3554.0,3598.0,-169.0,-125.0,3657024.0,13158619.596,3719066.0,
RB.SHF,20170925,3554.0,3598.0,3574.0,3628.0,3531.0,3603.0,3583.0,5.0,-15.0,3402282.0,12192518.41,3628502.0,
RB.SHF,20170926,3603.0,3583.0,3599.0,3650.0,3586.0,3614.0,3616.0,31.0,33.0,3101096.0,11216296.748,3517756.0,
RB.SHF,20170927,3614.0,3616.0,3613.0,3684.0,3608.0,3679.0,3644.0,63.0,28.0,3315054.0,12081981.768,3478262.0,
RB.SHF,20170928,3679.0,3644.0,3690.0,3724.0,3571.0,3606.0,3641.0,-38.0,-3.0,4395896.0,16008967.504,3445714.0,
RB.SHF,20170929,3606.0,3641.0,3615.0,3699.0,3524.0,3695.0,3603.0,54.0,-38.0,3387018.0,12204795.032,3102004.0,
RB.SHF,20171009,3695.0,3603.0,3762.0,3795.0,3674.0,3701.0,3733.0,98.0,130.0,2497018.0,9322051.286,3060556.0,
RB.SHF,20171010,3701.0,3733.0,3695.0,3702.0,3552.0,3553.0,3601.0,-180.0,-132.0,3736474.0,13457863.614,3466974.0,
RB.SHF,20171011,3553.0,3601.0,3550.0,3618.0,3512.0,3523.0,3567.0,-78.0,-34.0,3363060.0,11996057.902,3449682.0,
RB.SHF,20171012,3523.0,3567.0,3523.0,3700.0,3503.0,3667.0,3579.0,100.0,12.0,4779306.0,17106270.262,3639820.0,
RB.SHF,20171013,3667.0,3579.0,3665.0,3820.0,3643.0,3815.0,3718.0,236.0,139.0,4049004.0,15056035.58,3544560.0,
RB.SHF,20171016,3815.0,3718.0,3818.0,3878.0,3772.0,3824.0,3813.0,106.0,95.0,3796496.0,14477890.346,3440906.0,
RB.SHF,20171017,3824.0,3813.0,3824.0,3835.0,3715.0,3740.0,3773.0,-73.0,-40.0,3919334.0,14787815.24,3393398.0,
RB.SHF,20171018,3740.0,3773.0,3739.0,3770.0,3685.0,3686.0,3733.0,-87.0,-40.0,2916468.0,10888383.43,3202978.0,
RB.SHF,20171019,3686.0,3733.0,3691.0,3691.0,3566.0,3604.0,3620.0,-129.0,-113.0,3844860.0,13921005.686,3336864.0,
RB.SHF,20171020,3604.0,3620.0,3601.0,3777.0,3591.0,3776.0,3679.0,156.0,59.0,3610592.0,13284065.648,3165510.0,
RB.SHF,20171023,3776.0,3679.0,3777.0,3778.0,3602.0,3700.0,3694.0,21.0,15.0,4416066.0,16316617.802,3120240.0,
RB.SHF,20171024,3700.0,3694.0,3698.0,3777.0,3672.0,3739.0,3730.0,45.0,36.0,3076650.0,11477409.614,2923036.0,
RB.SHF,20171025,3739.0,3730.0,3745.0,3814.0,3680.0,3703.0,3739.0,-27.0,9.0,3378510.0,12633409.786,2894110.0,
RB.SHF,20171026,3703.0,3739.0,3682.0,3705.0,3628.0,3650.0,3665.0,-89.0,-74.0,3187124.0,11681463.108,2778456.0,
RB.SHF,20171027,3650.0,3665.0,3650.0,3665.0,3565.0,3577.0,3619.0,-88.0,-46.0,2991008.0,10825874.29,2786198.0,
RB.SHF,20171030,3577.0,3619.0,3581.0,3628.0,3561.0,3571.0,3591.0,-48.0,-28.0,2092610.0,7515704.638,2600058.0,
RB.SHF,20171031,3571.0,3591.0,3575.0,3665.0,3535.0,3628.0,3597.0,37.0,6.0,3080286.0,11081573.94,2677192.0,
RB.SHF,20171101,3628.0,3597.0,3634.0,3657.0,3561.0,3563.0,3615.0,-34.0,18.0,2340156.0,8461872.654,2520602.0,
RB.SHF,20171102,3563.0,3615.0,3580.0,3680.0,3555.0,3642.0,3622.0,27.0,7.0,2629562.0,9526817.746,2361794.0,
RB.SHF,20171103,3642.0,3622.0,3638.0,3667.0,3593.0,3612.0,3631.0,-10.0,9.0,1712470.0,6218361.438,2166496.0,
RB.SHF,20171106,3612.0,3631.0,3622.0,3748.0,3612.0,3736.0,3687.0,105.0,56.0,1871584.0,6900644.036,2162330.0,
RB.SHF,20171107,3736.0,3687.0,3739.0,3752.0,3682.0,3707.0,3715.0,20.0,28.0,1233250.0,4582486.654,1965170.0,
RB.SHF,20171108,3707.0,3715.0,3705.0,3743.0,3675.0,3724.0,3705.0,9.0,-10.0,1226686.0,4546071.588,1929012.0,
RB.SHF,20171109,3724.0,3735.0,3746.0,3846.0,3733.0,3760.0,3786.0,25.0,51.0,4970730.0,18823092.026,2091288.0,
RB.SHF,20171110,3760.0,3786.0,3760.0,3806.0,3727.0,3796.0,3770.0,10.0,-16.0,3690886.0,13917357.612,2188334.0,
RB.SHF,20171113,3796.0,3770.0,3810.0,3845.0,3740.0,3803.0,3781.0,33.0,11.0,4635840.0,17528354.504,2194094.0,
RB.SHF,20171114,3803.0,3781.0,3799.0,3830.0,3769.0,3804.0,3801.0,23.0,20.0,3540442.0,13458974.402,2152082.0,
RB.SHF,20171115,3804.0,3801.0,3805.0,3828.0,3676.0,3705.0,3739.0,-96.0,-62.0,4239284.0,15850812.356,2059768.0,
RB.SHF,20171116,3705.0,3739.0,3718.0,3728.0,3656.0,3680.0,3695.0,-59.0,-44.0,3629530.0,13411294.858,2096952.0,
RB.SHF,20171117,3680.0,3695.0,3681.0,3703.0,3621.0,3632.0,3657.0,-63.0,-38.0,3698712.0,13527909.502,2195094.0,
RB.SHF,20171120,3632.0,3657.0,3627.0,3707.0,3627.0,3696.0,3665.0,39.0,8.0,3677614.0,13481142.142,2158640.0,
RB.SHF,20171121,3696.0,3665.0,3698.0,3778.0,3676.0,3763.0,3732.0,98.0,67.0,3923448.0,14643719.99,2190902.0,
RB.SHF,20171122,3763.0,3732.0,3769.0,3828.0,3761.0,3817.0,3794.0,85.0,62.0,3833336.0,14544286.836,2312996.0,
RB.SHF,20171123,3817.0,3794.0,3817.0,3858.0,3808.0,3826.0,3829.0,32.0,35.0,4006456.0,15340967.498,2394930.0,
RB.SHF,20171124,3826.0,3829.0,3830.0,3833.0,3724.0,3814.0,3796.0,-15.0,-33.0,3491612.0,13255122.014,2362552.0,
RB.SHF,20171127,3814.0,3796.0,3815.0,3888.0,3792.0,3833.0,3845.0,37.0,49.0,4268610.0,16414783.924,2441546.0,
RB.SHF,20171128,3833.0,3845.0,3845.0,3882.0,3832.0,3872.0,3858.0,27.0,13.0,3196028.0,12333183.92,2579070.0,
RB.SHF,20171129,3872.0,3858.0,3885.0,3966.0,3840.0,3957.0,3899.0,99.0,41.0,4711928.0,18372479.68,2895656.0,
RB.SHF,20171130,3957.0,3899.0,3960.0,4043.0,3948.0,3990.0,3997.0,91.0,98.0,5024632.0,20086437.52,2924900.0,
RB.SHF,20171201,3990.0,3997.0,3993.0,4018.0,3928.0,3977.0,3977.0,-20.0,-20.0,4326984.0,17208646.484,2893706.0,
RB.SHF,20171204,3977.0,3977.0,3972.0,4104.0,3952.0,4056.0,4039.0,79.0,62.0,4711716.0,19032238.348,3005296.0,
RB.SHF,20171205,4056.0,4039.0,4057.0,4085.0,4004.0,4025.0,4051.0,-14.0,12.0,3812332.0,15445667.2,2978208.0,
RB.SHF,20171206,4025.0,4051.0,4025.0,4032.0,3905.0,3916.0,3956.0,-135.0,-95.0,4813668.0,19043498.956,2955474.0,
RB.SHF,20171207,3916.0,3956.0,3926.0,3942.0,3759.0,3828.0,3877.0,-128.0,-79.0,5701228.0,22106679.202,2780650.0,
RB.SHF,20171208,3828.0,3877.0,3830.0,3912.0,3806.0,3895.0,3851.0,18.0,-26.0,4421804.0,17028746.54,2670450.0,
RB.SHF,20171211,3895.0,3851.0,3893.0,3967.0,3872.0,3912.0,3917.0,61.0,66.0,5323908.0,20854225.65,2676260.0,
RB.SHF,20171212,3912.0,3917.0,3923.0,3988.0,3862.0,3884.0,3925.0,-33.0,8.0,5101036.0,20022821.764,2714088.0,
RB.SHF,20171213,3884.0,3925.0,3884.0,3892.0,3816.0,3831.0,3848.0,-94.0,-77.0,5618008.0,21618469.478,2781522.0,
RB.SHF,20171214,3831.0,3848.0,3832.0,3860.0,3773.0,3786.0,3819.0,-62.0,-29.0,4839396.0,18481991.968,2756276.0,
RB.SHF,20171215,3786.0,3819.0,3782.0,3839.0,3770.0,3824.0,3806.0,5.0,-13.0,3715426.0,14141780.15,2652164.0,
RB.SHF,20171218,3824.0,3806.0,3839.0,3918.0,3810.0,3874.0,3856.0,68.0,50.0,5875636.0,22660651.812,2580740.0,
RB.SHF,20171219,3874.0,3856.0,3876.0,3878.0,3778.0,3791.0,3823.0,-65.0,-33.0,4955962.0,18947312.826,2679418.0,
RB.SHF,20171220,3791.0,3823.0,3789.0,3835.0,3761.0,3804.0,3801.0,-19.0,-22.0,4264388.0,16211143.894,2648114.0,
RB.SHF,20171221,3804.0,3801.0,3811.0,3884.0,3795.0,3853.0,3843.0,52.0,42.0,5351426.0,20566640.734,2445204.0,
RB.SHF,20171222,3853.0,3843.0,3853.0,3954.0,3850.0,3942.0,3908.0,99.0,65.0,4986930.0,19492831.14,2658714.0,
RB.SHF,20171225,3942.0,3908.0,3944.0,3948.0,3784.0,3787.0,3860.0,-121.0,-48.0,5165730.0,19940207.876,2490232.0,
RB.SHF,20171226,3787.0,3860.0,3780.0,3836.0,3774.0,3822.0,3807.0,-38.0,-53.0,4103050.0,15620476.114,2541856.0,
RB.SHF,20171227,3822.0,3807.0,3820.0,3829.0,3784.0,3792.0,3809.0,-15.0,2.0,4050510.0,15428698.768,2599962.0,
RB.SHF,20171228,3792.0,3809.0,3780.0,3800.0,3740.0,3758.0,3765.0,-51.0,-44.0,4411490.0,16612234.944,2776556.0,
RB.SHF,20171229,3758.0,3765.0,3753.0,3824.0,3748.0,3794.0,3794.0,29.0,29.0,4377144.0,16608550.914,2524270.0,
RB.SHF,20180102,3794.0,3794.0,3801.0,3886.0,3794.0,3874.0,3842.0,80.0,48.0,2961436.0,11380175.178,2413572.0,
RB.SHF,20180103,3874.0,3842.0,3866.0,3877.0,3803.0,3809.0,3845.0,-33.0,3.0,3523844.0,13551810.878,2433636.0,
RB.SHF,20180104,3809.0,3845.0,3805.0,3842.0,3788.0,3819.0,3811.0,-26.0,-34.0,3747764.0,14286351.722,2581090.0,
RB.SHF,20180105,3819.0,3811.0,3812.0,3827.0,3760.0,3798.0,3791.0,-13.0,-20.0,3941160.0,14943605.706,2744436.0,
RB.SHF,20180108,3798.0,3791.0,3795.0,3820.0,3733.0,3818.0,3772.0,27.0,-19.0,4329290.0,16332800.154,2717212.0,
RB.SHF,20180109,3818.0,3772.0,3818.0,3843.0,3810.0,3819.0,3824.0,47.0,52.0,3148548.0,12040219.824,2564464.0,
RB.SHF,20180110,3819.0,3824.0,3818.0,3868.0,3792.0,3849.0,3833.0,25.0,9.0,4174000.0,16000940.774,2676566.0,
RB.SHF,20180111,3849.0,3833.0,3858.0,3876.0,3824.0,3838.0,3850.0,5.0,17.0,3631732.0,13985308.162,2597150.0,
RB.SHF,20180112,3838.0,3850.0,3838.0,3849.0,3778.0,3790.0,3807.0,-60.0,-43.0,3298806.0,12561607.89,2733076.0,
RB.SHF,20180115,3790.0,3807.0,3786.0,3811.0,3749.0,3802.0,3784.0,-5.0,-23.0,3097214.0,11722953.626,2833502.0,
RB.SHF,20180116,3802.0,3784.0,3803.0,3844.0,3788.0,3790.0,3814.0,6.0,30.0,3670054.0,13999238.036,2637024.0,
RB.SHF,20180117,3790.0,3814.0,3788.0,3841.0,3783.0,3827.0,3816.0,13.0,2.0,4281478.0,16341772.766,2736546.0,
RB.SHF,20180118,3827.0,3816.0,3825.0,3868.0,3815.0,3859.0,3843.0,43.0,27.0,3516314.0,13514118.962,2926692.0,
RB.SHF,20180119,3859.0,3843.0,3867.0,3927.0,3855.0,3926.0,3883.0,83.0,40.0,4341444.0,16858210.166,3154466.0,
RB.SHF,20180122,3926.0,3883.0,3937.0,3974.0,3916.0,3927.0,3939.0,44.0,56.0,3595842.0,14165740.526,3235974.0,
RB.SHF,20180123,3927.0,3939.0,3930.0,3933.0,3874.0,3912.0,3905.0,-27.0,-34.0,4132416.0,16138330.524,3017524.0,
RB.SHF,20180124,3912.0,3905.0,3904.0,3948.0,3896.0,3937.0,3924.0,32.0,19.0,2808360.0,11021574.392,3132256.0,
RB.SHF,20180125,3937.0,3924.0,3933.0,3998.0,3916.0,3966.0,3958.0,42.0,34.0,3860830.0,15281929.836,3207556.0,
RB.SHF,20180126,3966.0,3958.0,3965.0,3976.0,3920.0,3945.0,3948.0,-13.0,-10.0,2985708.0,11788159.546,3094676.0,
RB.SHF,20180129,3945.0,3948.0,3942.0,3968.0,3923.0,3945.0,3945.0,-3.0,-3.0,2502918.0,9874196.22,3065612.0,
RB.SHF,20180130,3945.0,3945.0,3938.0,3944.0,3903.0,3921.0,3923.0,-24.0,-22.0,2680272.0,10516455.256,2943354.0,
RB.SHF,20180131,3921.0,3923.0,3919.0,3988.0,3892.0,3915.0,3918.0,-8.0,-5.0,2741322.0,10741832.14,2858688.0,
RB.SHF,20180201,3915.0,3918.0,3920.0,3969.0,3919.0,3931.0,3941.0,13.0,23.0,3082336.0,12148395.576,2909296.0,
RB.SHF,20180202,3931.0,3941.0,3921.0,3973.0,3913.0,3961.0,3949.0,20.0,8.0,2699418.0,10661984.06,2912456.0,
RB.SHF,20180205,3961.0,3949.0,3960.0,3971.0,3922.0,3967.0,3946.0,18.0,-3.0,2520722.0,9948525.796,2786752.0,
RB.SHF,20180206,3967.0,3946.0,3970.0,3998.0,3931.0,3943.0,3960.0,-3.0,14.0,3078200.0,12190619.548,2719124.0,
RB.SHF,20180207,3943.0,3960.0,3949.0,3965.0,3927.0,3937.0,3944.0,-23.0,-16.0,2060998.0,8128622.194,2682964.0,
RB.SHF,20180208,3937.0,3944.0,3936.0,3951.0,3916.0,3930.0,3931.0,-14.0,-13.0,2206992.0,8677885.232,2668894.0,
RB.SHF,20180209,3930.0,3931.0,3928.0,3946.0,3881.0,3895.0,3911.0,-36.0,-20.0,2574966.0,10072761.052,2586270.0,
RB.SHF,20180212,3895.0,3911.0,3890.0,3925.0,3882.0,3918.0,3906.0,7.0,-5.0,1570766.0,6136718.066,2455788.0,
RB.SHF,20180213,3918.0,3906.0,3920.0,3935.0,3894.0,3921.0,3918.0,15.0,12.0,1344078.0,5267116.194,2318730.0,
RB.SHF,20180214,3921.0,3918.0,3921.0,3951.0,3916.0,3934.0,3934.0,16.0,16.0,1115116.0,4386904.382,2226628.0,
RB.SHF,20180222,3934.0,3934.0,3945.0,3955.0,3841.0,3866.0,3881.0,-68.0,-53.0,2061350.0,8000455.936,2438736.0,
RB.SHF,20180223,3866.0,3881.0,3846.0,3959.0,3841.0,3949.0,3898.0,68.0,17.0,3569646.0,13915545.55,2472076.0,
RB.SHF,20180226,3949.0,3898.0,3954.0,4047.0,3938.0,4028.0,4000.0,130.0,102.0,2765834.0,11063627.874,2556516.0,
RB.SHF,20180227,4028.0,4000.0,4038.0,4040.0,3981.0,4035.0,4014.0,35.0,14.0,2380880.0,9557364.25,2509598.0,
RB.SHF,20180228,4035.0,4014.0,4030.0,4034.0,4006.0,4020.0,4019.0,6.0,5.0,2004708.0,8057502.646,2523848.0,
RB.SHF,20180301,4020.0,4019.0,4017.0,4062.0,4012.0,4032.0,4036.0,13.0,17.0,2698576.0,10893887.856,2608248.0,
RB.SHF,20180302,4032.0,4036.0,4022.0,4029.0,3991.0,4024.0,4009.0,-12.0,-27.0,2319730.0,9301430.134,2495890.0,
RB.SHF,20180305,4024.0,4009.0,4019.0,4028.0,3948.0,3957.0,3980.0,-52.0,-29.0,2822262.0,11233902.992,2571916.0,
RB.SHF,20180306,3957.0,3980.0,3948.0,3987.0,3919.0,3969.0,3954.0,-11.0,-26.0,3130932.0,12380028.844,2667332.0,
RB.SHF,20180307,3969.0,3954.0,3980.0,3985.0,3885.0,3890.0,3939.0,-64.0,-15.0,3411932.0,13440976.08,2732922.0,
RB.SHF,20180308,3890.0,3939.0,3885.0,3893.0,3792.0,3794.0,3853.0,-145.0,-86.0,3825014.0,14739836.634,2708162.0,
RB.SHF,20180309,3794.0,3853.0,3773.0,3805.0,3663.0,3709.0,3738.0,-144.0,-115.0,5354170.0,20016243.408,2582206.0,
RB.SHF,20180312,3709.0,3738.0,3737.0,3751.0,3676.0,3709.0,3719.0,-29.0,-19.0,4245310.0,15790410.614,2550928.0,
RB.SHF,20180313,3709.0,3719.0,3716.0,3739.0,3683.0,3695.0,3712.0,-24.0,-7.0,2974572.0,11043890.366,2608346.0,
RB.SHF,20180314,3695.0,3712.0,3703.0,3755.0,3657.0,3735.0,3707.0,23.0,-5.0,4231252.0,15685286.106,2567680.0,
RB.SHF,20180315,3735.0,3707.0,3748.0,3769.0,3727.0,3752.0,3748.0,45.0,41.0,3267560.0,12248466.02,2423320.0,
RB.SHF,20180316,3752.0,3748.0,3752.0,3758.0,3718.0,3731.0,3737.0,-17.0,-11.0,2793532.0,10441721.144,2399336.0,
RB.SHF,20180319,3731.0,3737.0,3731.0,3735.0,3638.0,3651.0,3675.0,-86.0,-62.0,3932802.0,14453343.31,2390864.0,
RB.SHF,20180320,3651.0,3675.0,3646.0,3667.0,3605.0,3649.0,3637.0,-26.0,-38.0,3093030.0,11250969.602,2259540.0,
RB.SHF,20180321,3649.0,3637.0,3653.0,3685.0,3608.0,3617.0,3646.0,-20.0,9.0,3150512.0,11489154.218,2319096.0,
RB.SHF,20180322,3617.0,3646.0,3617.0,3655.0,3589.0,3619.0,3623.0,-27.0,-23.0,3353098.0,12150835.726,2288630.0,
RB.SHF,20180323,3619.0,3623.0,3609.0,3609.0,3369.0,3369.0,3460.0,-254.0,-163.0,6156296.0,21305076.242,2028014.0,
RB.SHF,20180326,3369.0,3460.0,3379.0,3415.0,3333.0,3363.0,3364.0,-97.0,-96.0,3940734.0,13257789.268,1931786.0,
RB.SHF,20180327,3363.0,3364.0,3355.0,3474.0,3352.0,3433.0,3413.0,69.0,49.0,3469360.0,11843929.076,1734578.0,
RB.SHF,20180328,3433.0,3216.0,3239.0,3276.0,3187.0,3212.0,3236.0,-4.0,20.0,2592142.0,8388859.842,1936094.0,
RB.SHF,20180329,3212.0,3236.0,3218.0,3295.0,3195.0,3289.0,3248.0,53.0,12.0,3252386.0,10565731.43,2081700.0,
RB.SHF,20180330,3289.0,3248.0,3296.0,3393.0,3273.0,3391.0,3323.0,143.0,75.0,3903414.0,12971679.682,2279344.0,
RB.SHF,20180402,3391.0,3323.0,3386.0,3480.0,3335.0,3344.0,3381.0,21.0,58.0,4829256.0,16330188.924,2321024.0,
RB.SHF,20180403,3344.0,3381.0,3351.0,3393.0,3326.0,3354.0,3356.0,-27.0,-25.0,4646490.0,15597988.24,2405478.0,
RB.SHF,20180404,3354.0,3356.0,3358.0,3379.0,3305.0,3318.0,3343.0,-38.0,-13.0,4320168.0,14443567.69,2488046.0,
RB.SHF,20180409,3318.0,3343.0,3318.0,3415.0,3310.0,3408.0,3362.0,65.0,19.0,4219576.0,14188238.362,2687440.0,
RB.SHF,20180410,3408.0,3362.0,3415.0,3448.0,3394.0,3419.0,3419.0,57.0,57.0,4461648.0,15258696.528,2794184.0,
RB.SHF,20180411,3419.0,3419.0,3430.0,3467.0,3386.0,3395.0,3421.0,-24.0,2.0,5117786.0,17512492.83,2774720.0,
RB.SHF,20180412,3395.0,3421.0,3393.0,3438.0,3372.0,3402.0,3397.0,-19.0,-24.0,4996770.0,16975842.144,2799314.0,
RB.SHF,20180413,3402.0,3397.0,3400.0,3473.0,3377.0,3452.0,3422.0,55.0,25.0,5542606.0,18971271.846,2957458.0,
RB.SHF,20180416,3452.0,3422.0,3450.0,3462.0,3353.0,3357.0,3403.0,-65.0,-19.0,5051502.0,17192967.752,2864790.0,
RB.SHF,20180417,3357.0,3403.0,3361.0,3437.0,3344.0,3384.0,3389.0,-19.0,-14.0,5717310.0,19379934.042,2927264.0,
RB.SHF,20180418,3384.0,3389.0,3411.0,3496.0,3410.0,3446.0,3447.0,57.0,58.0,6277210.0,21642368.318,2901930.0,
RB.SHF,20180419,3446.0,3447.0,3477.0,3529.0,3463.0,3516.0,3493.0,69.0,46.0,6220952.0,21729991.116,2841970.0,
RB.SHF,20180420,3516.0,3493.0,3505.0,3510.0,3442.0,3454.0,3475.0,-39.0,-18.0,4660282.0,16196057.618,2853460.0,
RB.SHF,20180423,3454.0,3475.0,3455.0,3555.0,3450.0,3544.0,3510.0,69.0,35.0,4872116.0,17103374.182,2818162.0,
RB.SHF,20180424,3544.0,3510.0,3536.0,3589.0,3522.0,3562.0,3564.0,52.0,54.0,3992888.0,14231736.074,2864466.0,
RB.SHF,20180425,3562.0,3564.0,3570.0,3594.0,3540.0,3573.0,3569.0,9.0,5.0,4221012.0,15068022.272,2947476.0,
RB.SHF,20180426,3573.0,3569.0,3578.0,3613.0,3536.0,3558.0,3565.0,-11.0,-4.0,4795470.0,17096661.752,2955976.0,
RB.SHF,20180427,3558.0,3565.0,3551.0,3600.0,3548.0,3593.0,3574.0,28.0,9.0,4499726.0,16085697.618,2898548.0,
RB.SHF,20180502,3593.0,3574.0,3640.0,3729.0,3634.0,3727.0,3677.0,153.0,103.0,4114388.0,15132268.728,3234126.0,
RB.SHF,20180503,3727.0,3677.0,3729.0,3733.0,3655.0,3673.0,3695.0,-4.0,18.0,4217694.0,15588374.892,3055156.0,
RB.SHF,20180504,3673.0,3695.0,3668.0,3688.0,3642.0,3664.0,3663.0,-31.0,-32.0,3693968.0,13533219.564,2999864.0,
RB.SHF,20180507,3664.0,3663.0,3663.0,3690.0,3616.0,3657.0,3654.0,-6.0,-9.0,4811508.0,17582698.278,2944954.0,
RB.SHF,20180508,3657.0,3654.0,3657.0,3672.0,3634.0,3637.0,3651.0,-17.0,-3.0,3148852.0,11499168.07,2972300.0,
RB.SHF,20180509,3637.0,3651.0,3626.0,3630.0,3563.0,3571.0,3596.0,-80.0,-55.0,4787862.0,17221902.064,3161058.0,
RB.SHF,20180510,3571.0,3596.0,3577.0,3618.0,3575.0,3615.0,3593.0,19.0,-3.0,3814674.0,13707189.398,3097422.0,
RB.SHF,20180511,3615.0,3593.0,3628.0,3686.0,3620.0,3675.0,3650.0,82.0,57.0,3980122.0,14529905.072,3044550.0,
RB.SHF,20180514,3675.0,3650.0,3690.0,3695.0,3652.0,3667.0,3672.0,17.0,22.0,3163110.0,11617505.1,2976578.0,
RB.SHF,20180515,3667.0,3672.0,3673.0,3715.0,3636.0,3681.0,3677.0,9.0,5.0,5015452.0,18445095.114,2928956.0,
RB.SHF,20180516,3681.0,3677.0,3682.0,3705.0,3641.0,3677.0,3674.0,0.0,-3.0,4263970.0,15666019.69,2844188.0,
RB.SHF,20180517,3677.0,3674.0,3677.0,3688.0,3658.0,3679.0,3674.0,5.0,0.0,2893558.0,10631001.602,2923310.0,
RB.SHF,20180518,3679.0,3674.0,3685.0,3705.0,3619.0,3631.0,3655.0,-43.0,-19.0,4186806.0,15305317.282,3039540.0,
RB.SHF,20180521,3631.0,3655.0,3626.0,3651.0,3582.0,3589.0,3614.0,-66.0,-41.0,3846112.0,13902758.59,3112692.0,
RB.SHF,20180522,3589.0,3614.0,3586.0,3614.0,3556.0,3573.0,3582.0,-41.0,-32.0,3540894.0,12684569.158,3127742.0,
RB.SHF,20180523,3573.0,3582.0,3575.0,3579.0,3511.0,3531.0,3541.0,-51.0,-41.0,3394370.0,12021950.742,3138232.0,
RB.SHF,20180524,3531.0,3541.0,3530.0,3590.0,3520.0,3583.0,3548.0,42.0,7.0,3251118.0,11535506.98,3111164.0,
RB.SHF,20180525,3583.0,3548.0,3580.0,3615.0,3542.0,3565.0,3584.0,17.0,36.0,3675128.0,13173381.374,3058798.0,
RB.SHF,20180528,3565.0,3584.0,3560.0,3626.0,3540.0,3579.0,3584.0,-5.0,0.0,3738744.0,13401485.888,3073260.0,
RB.SHF,20180529,3579.0,3584.0,3581.0,3650.0,3570.0,3635.0,3611.0,51.0,27.0,3950374.0,14265805.976,3028136.0,
RB.SHF,20180530,3635.0,3611.0,3642.0,3667.0,3614.0,3644.0,3642.0,33.0,31.0,3500508.0,12751453.738,3022838.0,
RB.SHF,20180531,3644.0,3642.0,3639.0,3697.0,3634.0,3696.0,3671.0,54.0,29.0,3065394.0,11253259.896,3151666.0,
RB.SHF,20180601,3696.0,3671.0,3698.0,3778.0,3692.0,3734.0,3739.0,63.0,68.0,4625294.0,17294202.556,3217558.0,
RB.SHF,20180604,3734.0,3739.0,3739.0,3767.0,3700.0,3719.0,3732.0,-20.0,-7.0,3729114.0,13919104.83,3206226.0,
RB.SHF,20180605,3719.0,3732.0,3708.0,3743.0,3678.0,3736.0,3705.0,4.0,-27.0,3565494.0,13213415.162,3181432.0,
RB.SHF,20180606,3736.0,3705.0,3743.0,3784.0,3725.0,3776.0,3751.0,71.0,46.0,4213682.0,15805909.498,3338848.0,
RB.SHF,20180607,3776.0,3751.0,3786.0,3869.0,3780.0,3807.0,3819.0,56.0,68.0,5175266.0,19768049.198,3349032.0,
RB.SHF,20180608,3807.0,3819.0,3810.0,3828.0,3773.0,3806.0,3801.0,-13.0,-18.0,3697188.0,14056092.68,3311490.0,
RB.SHF,20180611,3806.0,3801.0,3804.0,3815.0,3755.0,3803.0,3786.0,2.0,-15.0,3896802.0,14755398.172,3323166.0,
RB.SHF,20180612,3803.0,3786.0,3808.0,3859.0,3781.0,3856.0,3823.0,70.0,37.0,4509342.0,17242642.346,3323372.0,
RB.SHF,20180613,3856.0,3823.0,3848.0,3897.0,3834.0,3859.0,3863.0,36.0,40.0,4173928.0,16123905.516,3398726.0,
RB.SHF,20180614,3859.0,3863.0,3867.0,3904.0,3859.0,3897.0,3882.0,34.0,19.0,3528436.0,13698546.63,3553536.0,
RB.SHF,20180615,3897.0,3882.0,3886.0,3910.0,3856.0,3902.0,3882.0,20.0,0.0,3290156.0,12775410.406,3394082.0,
RB.SHF,20180619,3902.0,3882.0,3872.0,3874.0,3733.0,3769.0,3797.0,-113.0,-85.0,4628740.0,17577276.476,3119942.0,
RB.SHF,20180620,3769.0,3797.0,3759.0,3825.0,3746.0,3817.0,3788.0,20.0,-9.0,3636162.0,13777340.228,3314384.0,
RB.SHF,20180621,3817.0,3788.0,3812.0,3843.0,3770.0,3773.0,3808.0,-15.0,20.0,4224838.0,16088661.994,3413920.0,
RB.SHF,20180622,3773.0,3808.0,3773.0,3788.0,3740.0,3760.0,3763.0,-48.0,-45.0,3577300.0,13464287.35,3362138.0,
RB.SHF,20180625,3760.0,3763.0,3755.0,3783.0,3713.0,3723.0,3741.0,-40.0,-22.0,3941730.0,14747163.716,3478658.0,
RB.SHF,20180626,3723.0,3741.0,3713.0,3717.0,3663.0,3675.0,3688.0,-66.0,-53.0,3907480.0,14413276.576,3592886.0,
RB.SHF,20180627,3675.0,3688.0,3669.0,3713.0,3665.0,3672.0,3688.0,-16.0,0.0,3382616.0,12478396.178,3608562.0,
RB.SHF,20180628,3672.0,3688.0,3684.0,3769.0,3681.0,3744.0,3737.0,56.0,49.0,4845174.0,18110213.398,3496056.0,
RB.SHF,20180629,3744.0,3737.0,3748.0,3816.0,3745.0,3807.0,3783.0,70.0,46.0,3645626.0,13794679.746,3437234.0,
RB.SHF,20180702,3807.0,3783.0,3807.0,3809.0,3737.0,3751.0,3777.0,-32.0,-6.0,4347068.0,16420478.45,3274854.0,
RB.SHF,20180703,3751.0,3777.0,3752.0,3775.0,3720.0,3753.0,3748.0,-24.0,-29.0,3254772.0,12200348.444,3173000.0,
RB.SHF,20180704,3753.0,3748.0,3759.0,3816.0,3756.0,3783.0,3784.0,35.0,36.0,4168130.0,15772393.668,3254826.0,
RB.SHF,20180705,3783.0,3784.0,3795.0,3816.0,3744.0,3788.0,3774.0,4.0,-10.0,4840962.0,18271938.47,3170636.0,
RB.SHF,20180706,3788.0,3774.0,3788.0,3807.0,3733.0,3780.0,3770.0,6.0,-4.0,4295056.0,16195185.354,3056220.0,
RB.SHF,20180709,3780.0,3770.0,3776.0,3832.0,3748.0,3830.0,3790.0,60.0,20.0,4111960.0,15587705.114,3221226.0,
RB.SHF,20180710,3830.0,3790.0,3850.0,3881.0,3837.0,3862.0,3861.0,72.0,71.0,3547480.0,13698447.748,3395826.0,
RB.SHF,20180711,3862.0,3861.0,3872.0,3900.0,3832.0,3879.0,3870.0,18.0,9.0,4129272.0,15982045.36,3453692.0,
RB.SHF,20180712,3879.0,3870.0,3880.0,3990.0,3880.0,3976.0,3937.0,106.0,67.0,4499234.0,17716317.658,3637860.0,
RB.SHF,20180713,3976.0,3937.0,3980.0,3995.0,3950.0,3959.0,3974.0,22.0,37.0,3610666.0,14349235.674,3489952.0,
RB.SHF,20180716,3959.0,3974.0,3944.0,3983.0,3937.0,3958.0,3961.0,-16.0,-13.0,3042124.0,12052201.998,3328044.0,
RB.SHF,20180717,3958.0,3961.0,3943.0,3956.0,3892.0,3941.0,3926.0,-20.0,-35.0,3770332.0,14805601.108,3052830.0,
RB.SHF,20180718,3941.0,3926.0,3940.0,3963.0,3924.0,3940.0,3940.0,14.0,14.0,2886550.0,11374836.036,3080612.0,
RB.SHF,20180719,3940.0,3940.0,3949.0,4014.0,3944.0,3963.0,3984.0,23.0,44.0,4040596.0,16097828.602,3161854.0,
RB.SHF,20180720,3963.0,3984.0,3961.0,4003.0,3949.0,3985.0,3979.0,1.0,-5.0,2974786.0,11838500.2,3193530.0,
RB.SHF,20180723,3985.0,3979.0,3990.0,4024.0,3970.0,4011.0,3997.0,32.0,18.0,2828162.0,11305146.642,3304804.0,
RB.SHF,20180724,4011.0,3997.0,4024.0,4033.0,3975.0,3983.0,4002.0,-14.0,5.0,2938440.0,11761360.396,3003626.0,
RB.SHF,20180725,3983.0,4002.0,3981.0,4029.0,3978.0,4017.0,4004.0,15.0,2.0,2752496.0,11022676.706,3008054.0,
RB.SHF,20180726,4017.0,4004.0,4016.0,4020.0,3987.0,4017.0,4002.0,13.0,-2.0,2592928.0,10378767.294,2984484.0,
RB.SHF,20180727,4017.0,4002.0,4020.0,4129.0,4011.0,4126.0,4068.0,124.0,66.0,3422024.0,13922639.33,3039476.0,
RB.SHF,20180730,4126.0,4068.0,4132.0,4146.0,4103.0,4130.0,4124.0,62.0,56.0,2379474.0,9814348.486,2845346.0,
RB.SHF,20180731,4130.0,4124.0,4130.0,4184.0,4118.0,4171.0,4156.0,47.0,32.0,2590990.0,10769900.222,2780646.0,
RB.SHF,20180801,4171.0,4156.0,4169.0,4243.0,4131.0,4139.0,4188.0,-17.0,32.0,4045636.0,16943338.03,2572568.0,
RB.SHF,20180802,4139.0,4188.0,4131.0,4148.0,4086.0,4136.0,4121.0,-52.0,-67.0,3614314.0,14894651.996,2438384.0,
RB.SHF,20180803,4136.0,4121.0,4130.0,4199.0,4128.0,4187.0,4168.0,66.0,47.0,2917796.0,12163150.918,2343426.0,
RB.SHF,20180806,4187.0,4168.0,4190.0,4233.0,4118.0,4224.0,4172.0,56.0,4.0,3719060.0,15517521.17,2290770.0,
RB.SHF,20180807,4224.0,4172.0,4222.0,4266.0,4210.0,4237.0,4238.0,65.0,66.0,2940568.0,12465014.44,2200098.0,
RB.SHF,20180808,4237.0,4238.0,4237.0,4278.0,4205.0,4236.0,4240.0,-2.0,2.0,2620386.0,11112442.992,2160052.0,
RB.SHF,20180809,4236.0,4240.0,4227.0,4250.0,4179.0,4227.0,4216.0,-13.0,-24.0,2546766.0,10737729.81,2039604.0,
RB.SHF,20180810,4227.0,4216.0,4227.0,4268.0,4196.0,4200.0,4232.0,-16.0,16.0,2238558.0,9474427.606,2016360.0,
RB.SHF,20180813,4200.0,4232.0,4202.0,4347.0,4191.0,4345.0,4279.0,113.0,47.0,2639816.0,11296554.028,2061556.0,
RB.SHF,20180814,4345.0,4279.0,4345.0,4370.0,4306.0,4327.0,4341.0,48.0,62.0,1757406.0,7629879.736,1919650.0,
RB.SHF,20180815,4327.0,4341.0,4330.0,4366.0,4326.0,4345.0,4344.0,4.0,3.0,1400662.0,6085721.508,1861256.0,
RB.SHF,20180816,4345.0,4344.0,4346.0,4356.0,4294.0,4329.0,4324.0,-15.0,-20.0,1683058.0,7278168.624,1709412.0,
RB.SHF,20180817,4329.0,4139.0,4166.0,4310.0,4154.0,4301.0,4225.0,162.0,86.0,4107056.0,17353821.39,2128884.0,
RB.SHF,20180820,4301.0,4225.0,4282.0,4413.0,4282.0,4396.0,4345.0,171.0,120.0,4328850.0,18813170.744,2329302.0,
RB.SHF,20180821,4396.0,4345.0,4392.0,4409.0,4326.0,4337.0,4370.0,-8.0,25.0,3534458.0,15445907.644,2365308.0,
RB.SHF,20180822,4337.0,4370.0,4337.0,4418.0,4303.0,4334.0,4356.0,-36.0,-14.0,4310074.0,18776345.872,2359638.0,
RB.SHF,20180823,4334.0,4356.0,4333.0,4355.0,4266.0,4280.0,4313.0,-76.0,-43.0,4767190.0,20562524.564,2373148.0,
RB.SHF,20180824,4280.0,4313.0,4276.0,4345.0,4258.0,4334.0,4294.0,21.0,-19.0,3696756.0,15876117.914,2579500.0,
RB.SHF,20180827,4334.0,4294.0,4332.0,4341.0,4196.0,4204.0,4261.0,-90.0,-33.0,4643518.0,19790632.182,2284318.0,
RB.SHF,20180828,4204.0,4261.0,4205.0,4250.0,4190.0,4232.0,4222.0,-29.0,-39.0,3145864.0,13284740.01,2256856.0,
RB.SHF,20180829,4232.0,4222.0,4237.0,4278.0,4157.0,4160.0,4224.0,-62.0,2.0,5263276.0,22232434.392,2327896.0,
RB.SHF,20180830,4160.0,4224.0,4167.0,4171.0,4086.0,4118.0,4131.0,-106.0,-93.0,4888776.0,20196250.044,2320782.0,
RB.SHF,20180831,4118.0,4131.0,4103.0,4142.0,4057.0,4086.0,4096.0,-45.0,-35.0,4243894.0,17384764.886,2339092.0,
RB.SHF,20180903,4086.0,4096.0,4080.0,4118.0,4050.0,4087.0,4086.0,-9.0,-10.0,4134884.0,16899216.572,2523840.0,
RB.SHF,20180904,4087.0,4086.0,4094.0,4136.0,4071.0,4115.0,4108.0,29.0,22.0,3616870.0,14858458.862,2588564.0,
RB.SHF,20180905,4115.0,4108.0,4115.0,4127.0,4050.0,4093.0,4087.0,-15.0,-21.0,4716548.0,19279621.4,2597846.0,
RB.SHF,20180906,4093.0,4087.0,4101.0,4150.0,4092.0,4148.0,4123.0,61.0,36.0,4090468.0,16865914.76,2699422.0,
RB.SHF,20180907,4148.0,4123.0,4158.0,4253.0,4158.0,4186.0,4210.0,63.0,87.0,5354312.0,22544098.416,2736728.0,
RB.SHF,20180910,4186.0,4210.0,4185.0,4299.0,4184.0,4284.0,4254.0,74.0,44.0,3588066.0,15267056.81,2833806.0,
RB.SHF,20180911,4284.0,4254.0,4270.0,4270.0,4063.0,4071.0,4163.0,-183.0,-91.0,6134596.0,25538491.85,2673946.0,
RB.SHF,20180912,4071.0,4163.0,4099.0,4143.0,3993.0,4050.0,4061.0,-113.0,-102.0,6212102.0,25232166.754,2689776.0,
RB.SHF,20180913,4050.0,4061.0,4034.0,4087.0,4015.0,4071.0,4053.0,10.0,-8.0,4379138.0,17751051.276,2635702.0,
RB.SHF,20180914,4071.0,4053.0,4068.0,4111.0,4041.0,4090.0,4075.0,37.0,22.0,3869536.0,15770357.864,2694860.0,
RB.SHF,20180917,4090.0,4075.0,4096.0,4156.0,4080.0,4100.0,4110.0,25.0,35.0,3901374.0,16036792.63,2640104.0,
RB.SHF,20180918,4100.0,4110.0,4100.0,4167.0,4092.0,4166.0,4131.0,56.0,21.0,4203390.0,17368284.87,2739680.0,
RB.SHF,20180919,4166.0,4131.0,4180.0,4205.0,4136.0,4144.0,4174.0,13.0,43.0,3855532.0,16095533.242,2710614.0,
RB.SHF,20180920,4144.0,4174.0,4153.0,4177.0,4111.0,4124.0,4143.0,-50.0,-31.0,3812118.0,15796743.28,2702936.0,
RB.SHF,20180921,4124.0,4143.0,4116.0,4162.0,4106.0,4149.0,4136.0,6.0,-7.0,3436274.0,14215198.26,2574100.0,
RB.SHF,20180925,4149.0,4136.0,4150.0,4156.0,4052.0,4060.0,4090.0,-76.0,-46.0,2773148.0,11344332.148,2660912.0,
RB.SHF,20180926,4060.0,4090.0,4065.0,4078.0,4027.0,4064.0,4055.0,-26.0,-35.0,3018816.0,12244007.404,2661650.0,
RB.SHF,20180927,4064.0,4055.0,4078.0,4094.0,3998.0,4008.0,4054.0,-47.0,-1.0,3160196.0,12811511.49,2540580.0,
RB.SHF,20180928,4008.0,4054.0,3996.0,3998.0,3907.0,3944.0,3942.0,-110.0,-112.0,3912616.0,15426685.326,2399684.0,
RB.SHF,20181008,3944.0,3942.0,3947.0,3985.0,3904.0,3971.0,3941.0,29.0,-1.0,2699558.0,10639837.378,2431404.0,
RB.SHF,20181009,3971.0,3941.0,3979.0,4047.0,3970.0,4039.0,4012.0,98.0,71.0,3698170.0,14837437.014,2454214.0,
RB.SHF,20181010,4039.0,4012.0,4043.0,4080.0,4001.0,4055.0,4043.0,43.0,31.0,3951602.0,15977888.046,2510468.0,
RB.SHF,20181011,4055.0,4043.0,4045.0,4074.0,3958.0,4056.0,4022.0,13.0,-21.0,5136838.0,20664992.378,2557220.0,
RB.SHF,20181012,4056.0,4022.0,4068.0,4134.0,4041.0,4106.0,4085.0,84.0,63.0,4182412.0,17089314.836,2600524.0,
RB.SHF,20181015,4106.0,4085.0,4108.0,4166.0,4093.0,4150.0,4131.0,65.0,46.0,3941918.0,16284761.642,2705226.0,
RB.SHF,20181016,4150.0,4131.0,4160.0,4167.0,4105.0,4117.0,4137.0,-14.0,6.0,3358584.0,13895783.286,2692326.0,
RB.SHF,20181017,4117.0,4137.0,4117.0,4198.0,4105.0,4197.0,4156.0,60.0,19.0,3881130.0,16132603.746,2833208.0,
RB.SHF,20181018,4197.0,4156.0,4205.0,4220.0,4091.0,4108.0,4153.0,-48.0,-3.0,4968536.0,20635701.304,2772388.0,
RB.SHF,20181019,4108.0,4153.0,4099.0,4126.0,4054.0,4055.0,4093.0,-98.0,-60.0,4439472.0,18174623.766,2740448.0,
RB.SHF,20181022,4055.0,4093.0,4055.0,4187.0,4055.0,4154.0,4134.0,61.0,41.0,4235816.0,17513776.424,2767948.0,
RB.SHF,20181023,4154.0,4134.0,4156.0,4175.0,4134.0,4142.0,4154.0,8.0,20.0,3055276.0,12694129.39,2782140.0,
RB.SHF,20181024,4142.0,4154.0,4128.0,4193.0,4112.0,4190.0,4157.0,36.0,3.0,3393780.0,14109845.77,2903524.0,
RB.SHF,20181025,4190.0,4157.0,4194.0,4209.0,4142.0,4192.0,4180.0,35.0,23.0,4302452.0,17985410.326,2910106.0,
RB.SHF,20181026,4192.0,4180.0,4184.0,4244.0,4180.0,4228.0,4219.0,48.0,39.0,3752190.0,15831120.612,2956944.0,
RB.SHF,20181029,4228.0,4219.0,4230.0,4242.0,4144.0,4150.0,4191.0,-69.0,-28.0,4177040.0,17508859.042,2827438.0,
RB.SHF,20181030,4150.0,4191.0,4159.0,4206.0,4154.0,4172.0,4179.0,-19.0,-12.0,2901806.0,12129165.284,2746944.0,
RB.SHF,20181031,4172.0,4179.0,4170.0,4178.0,4113.0,4127.0,4135.0,-52.0,-44.0,3983882.0,16475506.222,2716732.0,
RB.SHF,20181101,4127.0,4135.0,4135.0,4152.0,4029.0,4057.0,4099.0,-78.0,-36.0,4206148.0,17244580.654,2669794.0,
RB.SHF,20181102,4057.0,4099.0,4050.0,4077.0,4020.0,4064.0,4050.0,-35.0,-49.0,3640402.0,14745230.44,2597688.0,
RB.SHF,20181105,4064.0,4050.0,4065.0,4076.0,4002.0,4072.0,4037.0,22.0,-13.0,3817108.0,15413108.382,2694802.0,
RB.SHF,20181106,4072.0,4037.0,4057.0,4068.0,3953.0,3962.0,3997.0,-75.0,-40.0,4554070.0,18205578.448,2832852.0,
RB.SHF,20181107,3962.0,3997.0,3956.0,3968.0,3914.0,3930.0,3939.0,-67.0,-58.0,3095060.0,12192417.26,2729294.0,
RB.SHF,20181108,3930.0,3939.0,3941.0,3995.0,3878.0,3986.0,3940.0,47.0,1.0,5310176.0,20927151.244,2632634.0,
RB.SHF,20181109,3986.0,3940.0,3982.0,4003.0,3932.0,3933.0,3967.0,-7.0,27.0,3303614.0,13107152.0,2568100.0,
RB.SHF,20181112,3933.0,3967.0,3922.0,3925.0,3818.0,3848.0,3869.0,-119.0,-98.0,4423494.0,17115145.182,2500080.0,
RB.SHF,20181113,3848.0,3869.0,3850.0,3895.0,3835.0,3868.0,3867.0,-1.0,-2.0,2748118.0,10627488.558,2405026.0,
RB.SHF,20181114,3868.0,3867.0,3850.0,3940.0,3846.0,3937.0,3897.0,70.0,30.0,3484892.0,13581413.374,2429820.0,
RB.SHF,20181115,3937.0,3897.0,3941.0,3946.0,3859.0,3889.0,3901.0,-8.0,4.0,3577710.0,13959247.282,2378124.0,
RB.SHF,20181116,3889.0,3901.0,3889.0,3952.0,3869.0,3884.0,3911.0,-17.0,10.0,3810154.0,14902640.252,2279810.0,
RB.SHF,20181119,3884.0,3911.0,3870.0,3885.0,3813.0,3838.0,3852.0,-73.0,-59.0,3736222.0,14392137.78,2208620.0,
RB.SHF,20181120,3838.0,3852.0,3833.0,3859.0,3735.0,3742.0,3800.0,-110.0,-52.0,3398790.0,12917135.71,2221772.0,
RB.SHF,20181121,3742.0,3800.0,3728.0,3735.0,3586.0,3724.0,3682.0,-76.0,-118.0,5104664.0,18798000.954,1987242.0,
RB.SHF,20181122,3724.0,3682.0,3723.0,3746.0,3690.0,3729.0,3720.0,47.0,38.0,3139544.0,11679964.312,1885272.0,
RB.SHF,20181123,3729.0,3720.0,3730.0,3750.0,3620.0,3623.0,3693.0,-97.0,-27.0,3998282.0,14768740.896,1823592.0,
RB.SHF,20181126,3623.0,3693.0,3600.0,3658.0,3496.0,3553.0,3586.0,-140.0,-107.0,5335938.0,19137231.874,1621068.0,
RB.SHF,20181127,3553.0,3586.0,3545.0,3672.0,3540.0,3579.0,3589.0,-7.0,3.0,4069624.0,14606314.542,1531580.0,
RB.SHF,20181128,3579.0,3262.0,3230.0,3338.0,3225.0,3295.0,3275.0,33.0,13.0,2048598.0,6710283.958,1731770.0,
RB.SHF,20181129,3295.0,3275.0,3293.0,3352.0,3279.0,3307.0,3313.0,32.0,38.0,2044818.0,6775607.218,1825708.0,
RB.SHF,20181130,3307.0,3313.0,3306.0,3327.0,3210.0,3256.0,3269.0,-57.0,-44.0,2949790.0,9644346.978,2042464.0,
RB.SHF,20181203,3256.0,3269.0,3250.0,3495.0,3208.0,3333.0,3330.0,64.0,61.0,5092070.0,16961231.544,2073640.0,
RB.SHF,20181204,3333.0,3330.0,3306.0,3388.0,3283.0,3374.0,3328.0,44.0,-2.0,4807696.0,16002617.422,2224172.0,
RB.SHF,20181205,3374.0,3328.0,3389.0,3466.0,3362.0,3463.0,3408.0,135.0,80.0,5400890.0,18409639.422,2227320.0,
RB.SHF,20181206,3463.0,3408.0,3470.0,3473.0,3371.0,3375.0,3412.0,-33.0,4.0,4500922.0,15359898.16,2257932.0,
RB.SHF,20181207,3375.0,3412.0,3360.0,3426.0,3334.0,3397.0,3372.0,-15.0,-40.0,5127774.0,17292430.186,2267206.0,
RB.SHF,20181210,3397.0,3372.0,3388.0,3398.0,3303.0,3312.0,3342.0,-60.0,-30.0,4741366.0,15845753.83,2476276.0,
RB.SHF,20181211,3312.0,3342.0,3306.0,3341.0,3284.0,3327.0,3306.0,-15.0,-36.0,3595984.0,11891088.834,2466474.0,
RB.SHF,20181212,3327.0,3306.0,3340.0,3379.0,3317.0,3317.0,3349.0,11.0,43.0,4194776.0,14048780.774,2489128.0,
RB.SHF,20181213,3317.0,3349.0,3325.0,3431.0,3321.0,3419.0,3389.0,70.0,40.0,5327258.0,18057370.934,2453522.0,
RB.SHF,20181214,3419.0,3389.0,3416.0,3450.0,3405.0,3445.0,3427.0,56.0,38.0,4124206.0,14134540.724,2464738.0,
RB.SHF,20181217,3445.0,3427.0,3448.0,3470.0,3414.0,3435.0,3437.0,8.0,10.0,3915682.0,13459859.856,2385060.0,
RB.SHF,20181218,3435.0,3437.0,3430.0,3443.0,3391.0,3435.0,3418.0,-2.0,-19.0,3671214.0,12551228.302,2322986.0,
RB.SHF,20181219,3435.0,3418.0,3432.0,3450.0,3411.0,3425.0,3431.0,7.0,13.0,3871012.0,13281817.228,2357640.0,
RB.SHF,20181220,3425.0,3431.0,3433.0,3492.0,3427.0,3481.0,3455.0,50.0,24.0,4306708.0,14880885.496,2616662.0,
RB.SHF,20181221,3481.0,3455.0,3500.0,3535.0,3471.0,3508.0,3503.0,53.0,48.0,4313258.0,15110725.428,2580432.0,
RB.SHF,20181224,3508.0,3503.0,3515.0,3516.0,3435.0,3451.0,3465.0,-52.0,-38.0,3542690.0,12275979.806,2514622.0,
RB.SHF,20181225,3451.0,3465.0,3442.0,3448.0,3357.0,3398.0,3401.0,-67.0,-64.0,4333400.0,14738217.57,2403034.0,
RB.SHF,20181226,3398.0,3401.0,3393.0,3430.0,3387.0,3409.0,3409.0,8.0,8.0,3285056.0,11198775.672,2454132.0,
RB.SHF,20181227,3409.0,3409.0,3418.0,3471.0,3395.0,3396.0,3422.0,-13.0,13.0,4172568.0,14280993.686,2496928.0,
RB.SHF,20181228,3396.0,3422.0,3387.0,3420.0,3382.0,3404.0,3400.0,-18.0,-22.0,2915936.0,9916102.758,2374342.0,
RB.SHF,20190102,3404.0,3400.0,3398.0,3439.0,3371.0,3382.0,3389.0,-18.0,-11.0,2149936.0,7286510.588,2421642.0,
RB.SHF,20190103,3382.0,3389.0,3378.0,3456.0,3366.0,3455.0,3420.0,66.0,31.0,3719028.0,12719587.816,2474032.0,
RB.SHF,20190104,3455.0,3420.0,3460.0,3493.0,3430.0,3486.0,3459.0,66.0,39.0,3323322.0,11495945.512,2490386.0,
RB.SHF,20190107,3486.0,3459.0,3490.0,3526.0,3466.0,3520.0,3498.0,61.0,39.0,3053042.0,10682181.39,2546746.0,
RB.SHF,20190108,3520.0,3498.0,3521.0,3523.0,3483.0,3505.0,3503.0,7.0,5.0,2740906.0,9602976.988,2458886.0,
RB.SHF,20190109,3505.0,3503.0,3505.0,3550.0,3494.0,3507.0,3524.0,4.0,21.0,3378598.0,11908446.292,2439334.0,
RB.SHF,20190110,3507.0,3524.0,3512.0,3543.0,3502.0,3514.0,3524.0,-10.0,0.0,3134668.0,11047061.324,2563920.0,
RB.SHF,20190111,3514.0,3524.0,3517.0,3540.0,3492.0,3539.0,3518.0,15.0,-6.0,3440962.0,12107719.684,2560850.0,
RB.SHF,20190114,3539.0,3518.0,3535.0,3576.0,3520.0,3575.0,3553.0,57.0,35.0,2624250.0,9324587.302,2629794.0,
RB.SHF,20190115,3575.0,3553.0,3576.0,3576.0,3508.0,3519.0,3534.0,-34.0,-19.0,3128980.0,11057845.198,2597358.0,
RB.SHF,20190116,3519.0,3534.0,3519.0,3545.0,3510.0,3534.0,3526.0,0.0,-8.0,2632026.0,9282552.886,2608754.0,
RB.SHF,20190117,3534.0,3526.0,3529.0,3565.0,3525.0,3551.0,3551.0,25.0,25.0,2258818.0,8021438.4,2669110.0,
RB.SHF,20190118,3551.0,3551.0,3552.0,3636.0,3540.0,3633.0,3596.0,82.0,45.0,3599670.0,12947391.06,2797818.0,
RB.SHF,20190121,3633.0,3596.0,3636.0,3675.0,3619.0,3645.0,3646.0,49.0,50.0,3526340.0,12857953.466,2771860.0,
RB.SHF,20190122,3645.0,3646.0,3650.0,3700.0,3630.0,3633.0,3666.0,-13.0,20.0,3970252.0,14556575.948,2743884.0,
RB.SHF,20190123,3633.0,3666.0,3639.0,3658.0,3625.0,3644.0,3643.0,-22.0,-23.0,2631994.0,9588601.946,2732234.0,
RB.SHF,20190124,3644.0,3643.0,3647.0,3684.0,3639.0,3680.0,3660.0,37.0,17.0,3200450.0,11716790.2,2846854.0,
RB.SHF,20190125,3680.0,3660.0,3684.0,3740.0,3675.0,3710.0,3712.0,50.0,52.0,3099552.0,11508518.748,2850624.0,
RB.SHF,20190128,3710.0,3712.0,3712.0,3757.0,3680.0,3681.0,3711.0,-31.0,-1.0,3337710.0,12386990.888,2717346.0,
RB.SHF,20190129,3681.0,3711.0,3680.0,3694.0,3653.0,3675.0,3673.0,-36.0,-38.0,2508228.0,9212779.46,2641868.0,
RB.SHF,20190130,3675.0,3673.0,3683.0,3767.0,3667.0,3677.0,3721.0,4.0,48.0,4490378.0,16712362.746,2561852.0,
RB.SHF,20190131,3677.0,3721.0,3682.0,3718.0,3673.0,3707.0,3696.0,-14.0,-25.0,2724362.0,10069528.496,2453762.0,
RB.SHF,20190201,3707.0,3696.0,3696.0,3770.0,3696.0,3754.0,3735.0,58.0,39.0,2506846.0,9364988.782,2334376.0,
RB.SHF,20190211,3754.0,3735.0,3850.0,3908.0,3816.0,3825.0,3856.0,90.0,121.0,3480360.0,13423085.402,2566884.0,
RB.SHF,20190212,3825.0,3856.0,3818.0,3830.0,3771.0,3785.0,3796.0,-71.0,-60.0,3109428.0,11805073.178,2534930.0,
RB.SHF,20190213,3785.0,3796.0,3780.0,3796.0,3692.0,3702.0,3738.0,-94.0,-58.0,3814494.0,14259908.128,2536438.0,
RB.SHF,20190214,3702.0,3738.0,3711.0,3717.0,3668.0,3684.0,3690.0,-54.0,-48.0,3266348.0,12052935.734,2693958.0,
RB.SHF,20190215,3684.0,3690.0,3680.0,3696.0,3593.0,3599.0,3635.0,-91.0,-55.0,3916316.0,14236353.106,2771988.0,
RB.SHF,20190218,3599.0,3635.0,3615.0,3675.0,3611.0,3659.0,3645.0,24.0,10.0,3532344.0,12878282.74,2643626.0,
RB.SHF,20190219,3659.0,3645.0,3670.0,3698.0,3647.0,3655.0,3673.0,10.0,28.0,2760590.0,10139940.732,2648856.0,
RB.SHF,20190220,3655.0,3673.0,3650.0,3669.0,3578.0,3641.0,3619.0,-32.0,-54.0,3918544.0,14181496.674,2719930.0,
RB.SHF,20190221,3641.0,3619.0,3640.0,3695.0,3635.0,3677.0,3672.0,58.0,53.0,3928972.0,14429376.03,2638752.0,
RB.SHF,20190222,3677.0,3672.0,3669.0,3735.0,3663.0,3731.0,3709.0,59.0,37.0,3278144.0,12159578.894,2652012.0,
RB.SHF,20190225,3731.0,3709.0,3736.0,3766.0,3681.0,3682.0,3725.0,-27.0,16.0,3659076.0,13630593.112,2684798.0,
RB.SHF,20190226,3682.0,3725.0,3677.0,3745.0,3672.0,3736.0,3708.0,11.0,-17.0,3998202.0,14829139.31,2607678.0,
RB.SHF,20190227,3736.0,3708.0,3737.0,3750.0,3697.0,3715.0,3727.0,7.0,19.0,2948082.0,10989791.916,2619830.0,
RB.SHF,20190228,3715.0,3727.0,3728.0,3755.0,3705.0,3750.0,3733.0,23.0,6.0,3461158.0,12920560.462,2631922.0,
RB.SHF,20190301,3750.0,3733.0,3756.0,3816.0,3751.0,3815.0,3777.0,82.0,44.0,2986416.0,11279837.084,2652630.0,
RB.SHF,20190304,3815.0,3777.0,3815.0,3849.0,3787.0,3811.0,3821.0,34.0,44.0,3828874.0,14630730.82,2651222.0,
RB.SHF,20190305,3811.0,3821.0,3822.0,3825.0,3755.0,3793.0,3782.0,-28.0,-39.0,3598118.0,13609076.552,2357864.0,
RB.SHF,20190306,3793.0,3782.0,3790.0,3810.0,3736.0,3737.0,3778.0,-45.0,-4.0,3759206.0,14205750.688,2421042.0,
RB.SHF,20190307,3737.0,3778.0,3748.0,3837.0,3734.0,3821.0,3774.0,43.0,-4.0,3902978.0,14733013.73,2375706.0,
RB.SHF,20190308,3821.0,3774.0,3821.0,3824.0,3756.0,3772.0,3783.0,-2.0,9.0,3712328.0,14046519.892,2257074.0,
RB.SHF,20190311,3772.0,3783.0,3710.0,3754.0,3680.0,3723.0,3727.0,-60.0,-56.0,3387246.0,12626148.354,2255476.0,
RB.SHF,20190312,3723.0,3727.0,3729.0,3820.0,3728.0,3815.0,3781.0,88.0,54.0,3437206.0,12998689.502,2250166.0,
RB.SHF,20190313,3815.0,3781.0,3825.0,3842.0,3784.0,3790.0,3817.0,9.0,36.0,2998788.0,11449072.536,2280814.0,
RB.SHF,20190314,3790.0,3817.0,3772.0,3829.0,3762.0,3795.0,3794.0,-22.0,-23.0,3586828.0,13610371.926,2300172.0,
RB.SHF,20190315,3795.0,3794.0,3796.0,3805.0,3737.0,3763.0,3765.0,-31.0,-29.0,3715090.0,13989916.644,2237542.0,
RB.SHF,20190318,3763.0,3765.0,3758.0,3804.0,3754.0,3781.0,3776.0,16.0,11.0,3280758.0,12389998.214,2105164.0,
RB.SHF,20190319,3781.0,3776.0,3785.0,3821.0,3772.0,3788.0,3794.0,12.0,18.0,2832806.0,10750312.234,2139986.0,
RB.SHF,20190320,3788.0,3794.0,3800.0,3814.0,3753.0,3777.0,3782.0,-17.0,-12.0,3165340.0,11974088.828,2064104.0,
RB.SHF,20190321,3777.0,3782.0,3780.0,3826.0,3770.0,3772.0,3797.0,-10.0,15.0,3234998.0,12284947.254,2046454.0,
RB.SHF,20190322,3772.0,3797.0,3765.0,3779.0,3742.0,3768.0,3761.0,-29.0,-36.0,2882038.0,10841140.562,2040814.0,
RB.SHF,20190325,3768.0,3761.0,3763.0,3772.0,3692.0,3692.0,3731.0,-69.0,-30.0,3005274.0,11214319.294,2296222.0,
RB.SHF,20190326,3692.0,3731.0,3699.0,3718.0,3682.0,3705.0,3700.0,-26.0,-31.0,2088568.0,7728286.41,2113960.0,
RB.SHF,20190327,3705.0,3700.0,3707.0,3720.0,3696.0,3711.0,3709.0,11.0,9.0,1875650.0,6957343.542,1949058.0,
RB.SHF,20190328,3711.0,3709.0,3709.0,3734.0,3676.0,3690.0,3704.0,-19.0,-5.0,2985056.0,11058797.162,1790910.0,
RB.SHF,20190329,3690.0,3704.0,3690.0,3774.0,3673.0,3758.0,3727.0,54.0,23.0,2608262.0,9723507.976,1489398.0,
RB.SHF,20190401,3758.0,3432.0,3470.0,3498.0,3451.0,3497.0,3479.0,65.0,47.0,1375404.0,4785943.216,1807786.0,
RB.SHF,20190402,3497.0,3479.0,3492.0,3575.0,3480.0,3560.0,3530.0,81.0,51.0,2201022.0,7770893.874,1747516.0,
RB.SHF,20190403,3560.0,3530.0,3560.0,3596.0,3546.0,3587.0,3573.0,57.0,43.0,2869880.0,10255090.952,1843996.0,
RB.SHF,20190404,3587.0,3573.0,3590.0,3606.0,3561.0,3594.0,3582.0,21.0,9.0,2370430.0,8493092.65,1972934.0,
RB.SHF,20190408,3594.0,3582.0,3614.0,3755.0,3613.0,3730.0,3687.0,148.0,105.0,3569164.0,13162454.778,2019198.0,
RB.SHF,20190409,3730.0,3687.0,3735.0,3795.0,3728.0,3757.0,3758.0,70.0,71.0,3938120.0,14802998.3,2143174.0,
RB.SHF,20190410,3757.0,3758.0,3760.0,3776.0,3735.0,3774.0,3754.0,16.0,-4.0,3013560.0,11314869.432,2182736.0,
RB.SHF,20190411,3774.0,3754.0,3776.0,3814.0,3744.0,3808.0,3773.0,54.0,19.0,3456604.0,13041902.284,2276632.0,
RB.SHF,20190412,3808.0,3773.0,3810.0,3829.0,3734.0,3794.0,3777.0,21.0,4.0,5184656.0,19587334.204,2240428.0,
RB.SHF,20190415,3794.0,3777.0,3820.0,3843.0,3795.0,3829.0,3821.0,52.0,44.0,3998834.0,15283322.38,2399062.0,
RB.SHF,20190416,3829.0,3821.0,3832.0,3832.0,3773.0,3780.0,3802.0,-41.0,-19.0,3633830.0,13817325.704,2296314.0,
RB.SHF,20190417,3780.0,3802.0,3779.0,3804.0,3757.0,3795.0,3781.0,-7.0,-21.0,3439502.0,13005872.216,2322182.0,
RB.SHF,20190418,3795.0,3781.0,3789.0,3789.0,3706.0,3710.0,3739.0,-71.0,-42.0,4231128.0,15824236.42,2338530.0,
RB.SHF,20190419,3710.0,3739.0,3699.0,3746.0,3682.0,3738.0,3713.0,-1.0,-26.0,3494514.0,12976770.66,2388974.0,
RB.SHF,20190422,3738.0,3713.0,3744.0,3819.0,3739.0,3773.0,3783.0,60.0,70.0,5132926.0,19422493.438,2365588.0,
RB.SHF,20190423,3773.0,3783.0,3776.0,3794.0,3755.0,3757.0,3777.0,-26.0,-6.0,2870758.0,10844709.674,2509806.0,
RB.SHF,20190424,3757.0,3777.0,3750.0,3751.0,3718.0,3730.0,3733.0,-47.0,-44.0,3503086.0,13077841.594,2530532.0,
RB.SHF,20190425,3730.0,3733.0,3727.0,3780.0,3712.0,3712.0,3744.0,-21.0,11.0,3779994.0,14155029.282,2500770.0,
RB.SHF,20190426,3712.0,3744.0,3712.0,3755.0,3712.0,3739.0,3733.0,-5.0,-11.0,3571488.0,13335879.542,2523808.0,
RB.SHF,20190429,3739.0,3733.0,3743.0,3779.0,3735.0,3777.0,3760.0,44.0,27.0,3044622.0,11447780.124,2503928.0,
RB.SHF,20190430,3777.0,3760.0,3783.0,3833.0,3783.0,3828.0,3811.0,68.0,51.0,3395294.0,12941046.508,2345822.0,
RB.SHF,20190506,3828.0,3811.0,3760.0,3783.0,3725.0,3756.0,3758.0,-55.0,-53.0,3040168.0,11426247.136,2305756.0,
RB.SHF,20190507,3756.0,3758.0,3756.0,3814.0,3753.0,3767.0,3785.0,9.0,27.0,3462070.0,13105216.81,2302372.0,
RB.SHF,20190508,3767.0,3785.0,3757.0,3764.0,3721.0,3731.0,3742.0,-54.0,-43.0,3487160.0,13051483.284,2424686.0,
RB.SHF,20190509,3731.0,3742.0,3721.0,3744.0,3705.0,3737.0,3726.0,-5.0,-16.0,3494278.0,13020871.788,2356324.0,
RB.SHF,20190510,3737.0,3726.0,3711.0,3753.0,3711.0,3746.0,3736.0,20.0,10.0,3159902.0,11806090.134,2317490.0,
RB.SHF,20190513,3746.0,3736.0,3747.0,3760.0,3690.0,3691.0,3721.0,-45.0,-15.0,3440910.0,12806699.786,2443248.0,
RB.SHF,20190514,3691.0,3721.0,3680.0,3699.0,3655.0,3663.0,3672.0,-58.0,-49.0,3403408.0,12500170.916,2532810.0,
RB.SHF,20190515,3663.0,3672.0,3659.0,3709.0,3650.0,3704.0,3676.0,32.0,4.0,2608568.0,9590685.218,2547198.0,
RB.SHF,20190516,3704.0,3676.0,3701.0,3749.0,3694.0,3742.0,3723.0,66.0,47.0,3511080.0,13072628.73,2467990.0,
RB.SHF,20190517,3742.0,3723.0,3750.0,3794.0,3746.0,3771.0,3772.0,48.0,49.0,3847274.0,14514393.25,2364382.0,
RB.SHF,20190520,3771.0,3772.0,3770.0,3792.0,3760.0,3780.0,3775.0,8.0,3.0,2752426.0,10391862.636,2357766.0,
RB.SHF,20190521,3780.0,3775.0,3780.0,3920.0,3777.0,3919.0,3845.0,144.0,70.0,5032032.0,19349639.55,2632486.0,
RB.SHF,20190522,3919.0,3845.0,3913.0,3947.0,3867.0,3910.0,3905.0,65.0,60.0,4462532.0,17429839.164,2481762.0,
RB.SHF,20190523,3910.0,3905.0,3910.0,3928.0,3879.0,3881.0,3899.0,-24.0,-6.0,3174604.0,12379186.85,2381190.0,
RB.SHF,20190524,3881.0,3899.0,3879.0,3894.0,3826.0,3889.0,3863.0,-10.0,-36.0,3750018.0,14488753.992,2340352.0,
RB.SHF,20190527,3889.0,3863.0,3893.0,3926.0,3835.0,3842.0,3876.0,-21.0,13.0,4421734.0,17138963.004,2355626.0,
RB.SHF,20190528,3842.0,3876.0,3835.0,3870.0,3815.0,3845.0,3844.0,-31.0,-32.0,3220108.0,12379543.102,2328866.0,
RB.SHF,20190529,3845.0,3844.0,3835.0,3839.0,3796.0,3825.0,3818.0,-19.0,-26.0,3088050.0,11792433.238,2375608.0,
RB.SHF,20190530,3825.0,3818.0,3820.0,3835.0,3773.0,3777.0,3806.0,-41.0,-12.0,3228754.0,12290408.748,2462100.0,
RB.SHF,20190531,3777.0,3806.0,3775.0,3789.0,3744.0,3750.0,3769.0,-56.0,-37.0,2731698.0,10295966.83,2540810.0,
RB.SHF,20190603,3750.0,3769.0,3740.0,3763.0,3699.0,3707.0,3734.0,-62.0,-35.0,3063850.0,11441506.846,2570700.0,
RB.SHF,20190604,3707.0,3734.0,3716.0,3747.0,3691.0,3745.0,3721.0,11.0,-13.0,2491734.0,9271820.752,2592758.0,
RB.SHF,20190605,3745.0,3721.0,3752.0,3758.0,3726.0,3747.0,3743.0,26.0,22.0,2188406.0,8192966.922,2603960.0,
RB.SHF,20190606,3747.0,3743.0,3741.0,3746.0,3670.0,3737.0,3713.0,-6.0,-30.0,3975684.0,14761899.224,2591634.0,
RB.SHF,20190610,3737.0,3713.0,3716.0,3733.0,3680.0,3717.0,3703.0,4.0,-10.0,2194802.0,8128508.004,2705278.0,
RB.SHF,20190611,3717.0,3703.0,3718.0,3834.0,3712.0,3833.0,3783.0,130.0,80.0,5000976.0,18921219.73,2624268.0,
RB.SHF,20190612,3833.0,3783.0,3836.0,3844.0,3772.0,3776.0,3805.0,-7.0,22.0,3388264.0,12895033.912,2517168.0,
RB.SHF,20190613,3776.0,3805.0,3768.0,3800.0,3744.0,3792.0,3774.0,-13.0,-31.0,3502002.0,13217200.06,2504250.0,
RB.SHF,20190614,3792.0,3774.0,3800.0,3813.0,3753.0,3755.0,3785.0,-19.0,11.0,3102382.0,11744393.196,2532062.0,
RB.SHF,20190617,3755.0,3785.0,3750.0,3754.0,3700.0,3704.0,3722.0,-81.0,-63.0,2968142.0,11050105.188,2680234.0,
RB.SHF,20190618,3704.0,3722.0,3700.0,3737.0,3683.0,3732.0,3710.0,10.0,-12.0,2623144.0,9733565.966,2721602.0,
RB.SHF,20190619,3732.0,3710.0,3740.0,3797.0,3723.0,3770.0,3762.0,60.0,52.0,3824738.0,14389218.866,2595294.0,
RB.SHF,20190620,3770.0,3762.0,3750.0,3836.0,3740.0,3825.0,3800.0,63.0,38.0,3770756.0,14330178.914,2666178.0,
RB.SHF,20190621,3825.0,3800.0,3825.0,3860.0,3795.0,3859.0,3816.0,59.0,16.0,3584776.0,13680015.364,2704032.0,
RB.SHF,20190624,3859.0,3816.0,3857.0,3966.0,3835.0,3904.0,3908.0,88.0,92.0,4860118.0,18996340.266,2544514.0,
RB.SHF,20190625,3904.0,3908.0,3920.0,3999.0,3915.0,3994.0,3964.0,86.0,56.0,4513402.0,17894855.08,2685184.0,
RB.SHF,20190626,3994.0,3964.0,3995.0,4013.0,3966.0,3998.0,3985.0,34.0,21.0,3289568.0,13112185.958,2530034.0,
RB.SHF,20190627,3998.0,3985.0,4008.0,4095.0,3987.0,4001.0,4035.0,16.0,50.0,4993954.0,20155523.79,2470936.0,
RB.SHF,20190628,4001.0,4035.0,4004.0,4071.0,4002.0,4065.0,4044.0,30.0,9.0,3424928.0,13851945.604,2562644.0,
RB.SHF,20190701,4065.0,4044.0,4070.0,4148.0,4061.0,4107.0,4108.0,63.0,64.0,4059936.0,16679274.602,2527118.0,
RB.SHF,20190702,4107.0,4108.0,4102.0,4117.0,4023.0,4053.0,4063.0,-55.0,-45.0,3581188.0,14552383.346,2455326.0,
RB.SHF,20190703,4053.0,4063.0,4045.0,4098.0,4001.0,4030.0,4042.0,-33.0,-21.0,3491260.0,14113138.99,2481090.0,
RB.SHF,20190704,4030.0,4042.0,4027.0,4077.0,3996.0,4024.0,4033.0,-18.0,-9.0,4181700.0,16868489.046,2476838.0,
RB.SHF,20190705,4024.0,4033.0,4020.0,4057.0,3967.0,3984.0,4014.0,-49.0,-19.0,3849040.0,15450927.064,2506022.0,
RB.SHF,20190708,3984.0,4014.0,3980.0,4025.0,3976.0,3992.0,4002.0,-22.0,-12.0,3352870.0,13419380.646,2400964.0,
RB.SHF,20190709,3992.0,4002.0,3990.0,4085.0,3989.0,4042.0,4048.0,40.0,46.0,3664226.0,14834464.802,2424496.0,
RB.SHF,20190710,4042.0,4048.0,4040.0,4052.0,4004.0,4021.0,4025.0,-27.0,-23.0,2566004.0,10328490.318,2415562.0,
RB.SHF,20190711,4021.0,4025.0,4020.0,4046.0,3974.0,4017.0,4004.0,-8.0,-21.0,3807582.0,15248936.69,2477402.0,
RB.SHF,20190712,4017.0,4004.0,4020.0,4030.0,3958.0,3965.0,3992.0,-39.0,-12.0,2871884.0,11465791.396,2559286.0,
RB.SHF,20190715,3965.0,3992.0,3957.0,4031.0,3921.0,4030.0,3964.0,38.0,-28.0,3686056.0,14613404.626,2520808.0,
RB.SHF,20190716,4030.0,3964.0,4029.0,4064.0,4019.0,4037.0,4039.0,73.0,75.0,2872668.0,11603433.654,2480884.0,
RB.SHF,20190717,4037.0,4039.0,4026.0,4068.0,4009.0,4052.0,4035.0,13.0,-4.0,2876118.0,11606740.482,2495554.0,
RB.SHF,20190718,4052.0,4035.0,4038.0,4050.0,3966.0,3968.0,4014.0,-67.0,-21.0,2683150.0,10772643.648,2455950.0,
RB.SHF,20190719,3968.0,4014.0,3958.0,4006.0,3942.0,4001.0,3970.0,-13.0,-44.0,2808834.0,11151072.13,2374568.0,
RB.SHF,20190722,4001.0,3970.0,3999.0,4007.0,3930.0,3948.0,3963.0,-22.0,-7.0,3875196.0,15358396.73,2459286.0,
RB.SHF,20190723,3948.0,3963.0,3943.0,3980.0,3924.0,3941.0,3949.0,-22.0,-14.0,2641954.0,10433618.852,2466078.0,
RB.SHF,20190724,3941.0,3949.0,3930.0,3930.0,3878.0,3899.0,3901.0,-50.0,-48.0,3165788.0,12352209.662,2547920.0,
RB.SHF,20190725,3899.0,3901.0,3890.0,3948.0,3885.0,3940.0,3918.0,39.0,17.0,3037812.0,11904919.822,2537830.0,
RB.SHF,20190726,3940.0,3918.0,3950.0,3974.0,3926.0,3940.0,3950.0,22.0,32.0,2743862.0,10839110.48,2404082.0,
RB.SHF,20190729,3940.0,3950.0,3930.0,3945.0,3875.0,3877.0,3907.0,-73.0,-43.0,2575014.0,10061822.116,2608632.0,
RB.SHF,20190730,3877.0,3907.0,3880.0,3925.0,3866.0,3886.0,3895.0,-21.0,-12.0,2803966.0,10922483.896,2596252.0,
RB.SHF,20190731,3886.0,3895.0,3871.0,3932.0,3867.0,3891.0,3907.0,-4.0,12.0,2938908.0,11483197.486,2560900.0,
RB.SHF,20190801,3891.0,3907.0,3888.0,3904.0,3846.0,3846.0,3878.0,-61.0,-29.0,2829316.0,10973816.144,2745358.0,
RB.SHF,20190802,3846.0,3878.0,3839.0,3845.0,3724.0,3816.0,3805.0,-62.0,-73.0,4111132.0,15644038.826,2582178.0,
RB.SHF,20190805,3816.0,3805.0,3817.0,3834.0,3736.0,3753.0,3778.0,-52.0,-27.0,3424546.0,12939716.886,2618142.0,
RB.SHF,20190806,3753.0,3778.0,3753.0,3773.0,3707.0,3707.0,3744.0,-71.0,-34.0,2847802.0,10662397.284,2693516.0,
RB.SHF,20190807,3707.0,3744.0,3700.0,3737.0,3686.0,3711.0,3711.0,-33.0,-33.0,3417292.0,12682901.522,2539706.0,
RB.SHF,20190808,3711.0,3711.0,3707.0,3751.0,3662.0,3672.0,3714.0,-39.0,3.0,3368994.0,12514471.742,2611468.0,
RB.SHF,20190809,3672.0,3714.0,3688.0,3690.0,3538.0,3591.0,3618.0,-123.0,-96.0,4505230.0,16300592.354,2518638.0,
RB.SHF,20190812,3591.0,3618.0,3584.0,3683.0,3546.0,3677.0,3600.0,59.0,-18.0,4188360.0,15081244.262,2308330.0,
RB.SHF,20190813,3677.0,3600.0,3678.0,3705.0,3643.0,3677.0,3674.0,77.0,74.0,3050458.0,11208418.614,2229472.0,
RB.SHF,20190814,3677.0,3674.0,3683.0,3740.0,3658.0,3670.0,3695.0,-4.0,21.0,3466926.0,12810297.212,2200240.0,
RB.SHF,20190815,3670.0,3695.0,3676.0,3733.0,3668.0,3715.0,3700.0,20.0,5.0,3579628.0,13247727.842,2070970.0,
RB.SHF,20190816,3715.0,3700.0,3711.0,3733.0,3692.0,3715.0,3714.0,15.0,14.0,2097852.0,7791862.916,2055080.0,
RB.SHF,20190819,3715.0,3714.0,3707.0,3753.0,3698.0,3747.0,3729.0,33.0,15.0,2417568.0,9015660.994,1936586.0,
RB.SHF,20190820,3747.0,3729.0,3755.0,3766.0,3695.0,3699.0,3726.0,-30.0,-3.0,2024620.0,7544344.244,1906932.0,
RB.SHF,20190821,3699.0,3726.0,3701.0,3712.0,3633.0,3686.0,3667.0,-40.0,-59.0,2646704.0,9706527.574,1702558.0,
RB.SHF,20190822,3686.0,3402.0,3420.0,3438.0,3360.0,3418.0,3406.0,16.0,4.0,2055498.0,7002144.206,2165168.0,
RB.SHF,20190823,3418.0,3406.0,3432.0,3462.0,3410.0,3446.0,3437.0,40.0,31.0,1944648.0,6685594.054,2270896.0,
RB.SHF,20190826,3446.0,3437.0,3430.0,3467.0,3367.0,3372.0,3407.0,-65.0,-30.0,2803968.0,9554742.536,2456260.0,
RB.SHF,20190827,3372.0,3407.0,3362.0,3377.0,3281.0,3281.0,3326.0,-126.0,-81.0,3268474.0,10872549.004,2831650.0,
RB.SHF,20190828,3281.0,3326.0,3281.0,3323.0,3244.0,3317.0,3286.0,-9.0,-40.0,3344346.0,10989863.482,2850708.0,
RB.SHF,20190829,3317.0,3286.0,3315.0,3340.0,3259.0,3266.0,3304.0,-20.0,18.0,3373380.0,11146385.166,2995622.0,
RB.SHF,20190830,3266.0,3304.0,3283.0,3350.0,3278.0,3350.0,3318.0,46.0,14.0,3598878.0,11942382.874,2898978.0,
RB.SHF,20190902,3350.0,3318.0,3341.0,3413.0,3325.0,3407.0,3369.0,89.0,51.0,3842376.0,12945208.09,2877830.0,
RB.SHF,20190903,3407.0,3369.0,3407.0,3415.0,3383.0,3403.0,3398.0,34.0,29.0,2620472.0,8906962.846,2829992.0,
RB.SHF,20190904,3403.0,3398.0,3395.0,3443.0,3380.0,3423.0,3415.0,25.0,17.0,3164842.0,10809271.504,2743802.0,
RB.SHF,20190905,3423.0,3415.0,3429.0,3474.0,3418.0,3439.0,3450.0,24.0,35.0,3690626.0,12733151.57,2823874.0,
RB.SHF,20190906,3439.0,3450.0,3430.0,3448.0,3384.0,3387.0,3420.0,-63.0,-30.0,2802696.0,9586689.548,2689382.0,
RB.SHF,20190909,3387.0,3420.0,3411.0,3502.0,3398.0,3497.0,3447.0,77.0,27.0,5035210.0,17360521.82,2834242.0,
RB.SHF,20190910,3497.0,3447.0,3500.0,3509.0,3465.0,3479.0,3485.0,32.0,38.0,2477584.0,8634805.948,2712834.0,
RB.SHF,20190911,3479.0,3485.0,3479.0,3499.0,3458.0,3481.0,3476.0,-4.0,-9.0,2930314.0,10187325.226,2722682.0,
RB.SHF,20190912,3481.0,3476.0,3486.0,3549.0,3467.0,3549.0,3502.0,73.0,26.0,3077504.0,10780218.494,2788204.0,
RB.SHF,20190916,3549.0,3502.0,3561.0,3575.0,3531.0,3564.0,3553.0,62.0,51.0,2161624.0,7680316.892,2851190.0,
RB.SHF,20190917,3564.0,3553.0,3568.0,3571.0,3511.0,3533.0,3540.0,-20.0,-13.0,2636330.0,9332889.868,2783088.0,
RB.SHF,20190918,3533.0,3540.0,3529.0,3535.0,3487.0,3493.0,3513.0,-47.0,-27.0,2954536.0,10381827.104,2733366.0,
RB.SHF,20190919,3493.0,3513.0,3487.0,3492.0,3389.0,3397.0,3447.0,-116.0,-66.0,4368150.0,15060297.078,2863260.0,
RB.SHF,20190920,3397.0,3447.0,3392.0,3403.0,3371.0,3388.0,3388.0,-59.0,-59.0,2908174.0,9853332.124,2890054.0,
RB.SHF,20190923,3388.0,3388.0,3388.0,3513.0,3381.0,3510.0,3454.0,122.0,66.0,4535422.0,15666711.65,2829956.0,
RB.SHF,20190924,3510.0,3454.0,3518.0,3548.0,3467.0,3477.0,3516.0,23.0,62.0,4891038.0,17198076.99,2957148.0,
RB.SHF,20190925,3477.0,3516.0,3490.0,3513.0,3480.0,3498.0,3495.0,-18.0,-21.0,3067474.0,10721065.612,2881758.0,
RB.SHF,20190926,3498.0,3495.0,3500.0,3511.0,3433.0,3445.0,3474.0,-50.0,-21.0,4803740.0,16688641.528,2783634.0,
RB.SHF,20190927,3445.0,3474.0,3447.0,3454.0,3415.0,3437.0,3434.0,-37.0,-40.0,2486410.0,8538723.972,2643388.0,
RB.SHF,20190930,3437.0,3434.0,3434.0,3580.0,3434.0,3470.0,3485.0,36.0,51.0,3226086.0,11244365.248,2427578.0,
RB.SHF,20191008,3470.0,3485.0,3458.0,3458.0,3402.0,3404.0,3427.0,-81.0,-58.0,2568022.0,8802318.474,2672362.0,
RB.SHF,20191009,3404.0,3427.0,3405.0,3432.0,3390.0,3413.0,3411.0,-14.0,-16.0,3360416.0,11464296.386,2885712.0,
RB.SHF,20191010,3413.0,3411.0,3426.0,3430.0,3385.0,3415.0,3412.0,4.0,1.0,3471906.0,11848374.304,2922546.0,
RB.SHF,20191011,3415.0,3412.0,3415.0,3417.0,3372.0,3407.0,3397.0,-5.0,-15.0,3343992.0,11362188.286,2978670.0,
RB.SHF,20191014,3407.0,3397.0,3407.0,3439.0,3351.0,3352.0,3403.0,-45.0,6.0,3660176.0,12458649.096,3157694.0,
RB.SHF,20191015,3352.0,3403.0,3352.0,3365.0,3315.0,3346.0,3339.0,-57.0,-64.0,3460928.0,11556618.546,3237628.0,
RB.SHF,20191016,3346.0,3339.0,3343.0,3357.0,3281.0,3291.0,3323.0,-48.0,-16.0,3761066.0,12498940.418,3299954.0,
RB.SHF,20191017,3291.0,3323.0,3291.0,3330.0,3278.0,3324.0,3304.0,1.0,-19.0,3187284.0,10532575.68,3300736.0,
RB.SHF,20191018,3324.0,3304.0,3325.0,3331.0,3256.0,3310.0,3293.0,6.0,-11.0,4195230.0,13818279.728,3363954.0,
RB.SHF,20191021,3310.0,3293.0,3314.0,3321.0,3276.0,3290.0,3296.0,-3.0,3.0,3073322.0,10130940.184,3359956.0,
RB.SHF,20191022,3290.0,3296.0,3298.0,3325.0,3280.0,3318.0,3304.0,22.0,8.0,3502856.0,11576161.704,3401906.0,
RB.SHF,20191023,3318.0,3304.0,3325.0,3351.0,3299.0,3312.0,3323.0,8.0,19.0,3859552.0,12828355.558,3373536.0,
RB.SHF,20191024,3312.0,3323.0,3310.0,3327.0,3285.0,3318.0,3304.0,-5.0,-19.0,3710168.0,12261697.088,3413170.0,
RB.SHF,20191025,3318.0,3304.0,3320.0,3345.0,3300.0,3344.0,3320.0,40.0,16.0,3143752.0,10437904.38,3326654.0,
RB.SHF,20191028,3344.0,3320.0,3347.0,3366.0,3322.0,3327.0,3341.0,7.0,21.0,3043622.0,10170553.57,3248826.0,
RB.SHF,20191029,3327.0,3341.0,3331.0,3359.0,3316.0,3348.0,3339.0,7.0,-2.0,2710598.0,9051838.84,3230372.0,
RB.SHF,20191030,3348.0,3339.0,3351.0,3376.0,3330.0,3373.0,3351.0,34.0,12.0,3414488.0,11442048.838,3252258.0,
RB.SHF,20191031,3373.0,3351.0,3380.0,3390.0,3357.0,3367.0,3374.0,16.0,23.0,2997816.0,10114752.096,3195424.0,
RB.SHF,20191101,3367.0,3374.0,3363.0,3381.0,3343.0,3380.0,3364.0,6.0,-10.0,2748396.0,9246463.312,3122684.0,
RB.SHF,20191104,3380.0,3364.0,3375.0,3387.0,3359.0,3382.0,3375.0,18.0,11.0,2725220.0,9198603.482,3176612.0,
RB.SHF,20191105,3382.0,3375.0,3383.0,3435.0,3368.0,3434.0,3398.0,59.0,23.0,3478140.0,11819612.354,3333290.0,
RB.SHF,20191106,3434.0,3398.0,3430.0,3467.0,3426.0,3441.0,3444.0,43.0,46.0,3358868.0,11569751.254,3243722.0,
RB.SHF,20191107,3441.0,3444.0,3443.0,3458.0,3416.0,3418.0,3440.0,-26.0,-4.0,2892120.0,9951646.008,3201836.0,
RB.SHF,20191108,3418.0,3440.0,3421.0,3425.0,3401.0,3412.0,3412.0,-28.0,-28.0,2422594.0,8266385.304,3153390.0,
RB.SHF,20191111,3412.0,3412.0,3402.0,3407.0,3346.0,3373.0,3368.0,-39.0,-44.0,3723732.0,12543478.832,3023022.0,
RB.SHF,20191112,3373.0,3368.0,3373.0,3452.0,3362.0,3449.0,3409.0,81.0,41.0,4004954.0,13653896.418,3137874.0,
RB.SHF,20191113,3449.0,3409.0,3448.0,3460.0,3427.0,3442.0,3442.0,33.0,33.0,2416990.0,8319502.82,3034802.0,
RB.SHF,20191114,3442.0,3442.0,3447.0,3520.0,3435.0,3511.0,3476.0,69.0,34.0,4208464.0,14628700.956,3098206.0,
RB.SHF,20191115,3511.0,3476.0,3511.0,3554.0,3506.0,3545.0,3535.0,69.0,59.0,3337714.0,11799664.0,3015058.0,
RB.SHF,20191118,3545.0,3535.0,3548.0,3576.0,3535.0,3556.0,3553.0,21.0,18.0,3406476.0,12103437.804,3033850.0,
RB.SHF,20191119,3556.0,3553.0,3559.0,3639.0,3548.0,3635.0,3590.0,82.0,37.0,5042422.0,18105760.81,3064568.0,
RB.SHF,20191120,3635.0,3590.0,3637.0,3691.0,3624.0,3676.0,3660.0,86.0,70.0,4324080.0,15829475.074,3034804.0,
RB.SHF,20191121,3676.0,3660.0,3691.0,3691.0,3610.0,3619.0,3643.0,-41.0,-17.0,4217282.0,15366851.648,2915298.0,
RB.SHF,20191122,3619.0,3643.0,3621.0,3659.0,3618.0,3655.0,3642.0,12.0,-1.0,3398450.0,12380317.234,2915296.0,
RB.SHF,20191125,3655.0,3642.0,3656.0,3720.0,3631.0,3697.0,3683.0,55.0,41.0,4167718.0,15353361.702,2840966.0,
RB.SHF,20191126,3697.0,3683.0,3689.0,3690.0,3603.0,3611.0,3641.0,-72.0,-42.0,3850800.0,14021224.67,2582980.0,
RB.SHF,20191127,3611.0,3641.0,3605.0,3622.0,3588.0,3596.0,3605.0,-45.0,-36.0,3012176.0,10860183.614,2499630.0,
RB.SHF,20191128,3596.0,3605.0,3589.0,3625.0,3563.0,3618.0,3587.0,13.0,-18.0,3804958.0,13650072.344,2333174.0,
RB.SHF,20191129,3618.0,3587.0,3616.0,3644.0,3587.0,3620.0,3618.0,33.0,31.0,3443584.0,12461268.694,2143086.0,
RB.SHF,20191202,3620.0,3618.0,3601.0,3645.0,3566.0,3634.0,3607.0,16.0,-11.0,3101870.0,11190550.53,2022564.0,
RB.SHF,20191203,3634.0,3607.0,3631.0,3649.0,3596.0,3599.0,3619.0,-8.0,12.0,2057360.0,7446308.218,1943992.0,
RB.SHF,20191204,3599.0,3619.0,3586.0,3640.0,3578.0,3603.0,3608.0,-16.0,-11.0,2298690.0,8295012.23,1882538.0,
RB.SHF,20191205,3603.0,3409.0,3417.0,3458.0,3401.0,3404.0,3429.0,-5.0,20.0,1968442.0,6750088.63,1987348.0,
RB.SHF,20191206,3404.0,3429.0,3399.0,3439.0,3387.0,3437.0,3417.0,8.0,-12.0,2288212.0,7819246.94,2167606.0,
RB.SHF,20191209,3437.0,3417.0,3441.0,3535.0,3432.0,3511.0,3492.0,94.0,75.0,3896724.0,13607937.896,2352334.0,
RB.SHF,20191210,3511.0,3492.0,3511.0,3537.0,3496.0,3505.0,3513.0,13.0,21.0,2314644.0,8132139.958,2362104.0,
RB.SHF,20191211,3505.0,3513.0,3505.0,3545.0,3505.0,3537.0,3528.0,24.0,15.0,2713564.0,9573722.442,2462120.0,
RB.SHF,20191212,3537.0,3528.0,3534.0,3570.0,3508.0,3524.0,3533.0,-4.0,5.0,3169322.0,11199101.248,2511280.0,
RB.SHF,20191213,3524.0,3533.0,3530.0,3548.0,3502.0,3523.0,3524.0,-10.0,-9.0,2837898.0,10000791.23,2526754.0,
RB.SHF,20191216,3523.0,3524.0,3525.0,3558.0,3472.0,3480.0,3512.0,-44.0,-12.0,4155020.0,14596459.534,2586288.0,
RB.SHF,20191217,3480.0,3512.0,3482.0,3495.0,3456.0,3484.0,3478.0,-28.0,-34.0,2393776.0,8325819.62,2595910.0,
RB.SHF,20191218,3484.0,3478.0,3489.0,3503.0,3469.0,3476.0,3483.0,-2.0,5.0,1956352.0,6815001.336,2573956.0,
RB.SHF,20191219,3476.0,3483.0,3486.0,3529.0,3465.0,3518.0,3498.0,35.0,15.0,2761054.0,9659228.684,2645268.0,
RB.SHF,20191220,3518.0,3498.0,3518.0,3537.0,3498.0,3507.0,3515.0,9.0,17.0,2456502.0,8634919.306,2593398.0,
RB.SHF,20191223,3507.0,3515.0,3510.0,3549.0,3508.0,3538.0,3534.0,23.0,19.0,2558004.0,9040078.764,2705450.0,
RB.SHF,20191224,3538.0,3534.0,3543.0,3555.0,3502.0,3510.0,3522.0,-24.0,-12.0,2499360.0,8804130.406,2758576.0,
RB.SHF,20191225,3510.0,3522.0,3510.0,3522.0,3483.0,3485.0,3504.0,-37.0,-18.0,1921198.0,6733209.79,2762568.0,
RB.SHF,20191226,3485.0,3504.0,3482.0,3534.0,3470.0,3529.0,3501.0,25.0,-3.0,2527868.0,8852525.458,2821242.0,
RB.SHF,20191227,3529.0,3501.0,3527.0,3554.0,3522.0,3541.0,3537.0,40.0,36.0,2147774.0,7597504.402,2903738.0,
RB.SHF,20191230,3541.0,3537.0,3541.0,3563.0,3530.0,3545.0,3543.0,8.0,6.0,1912332.0,6776671.228,2916172.0,
RB.SHF,20191231,3545.0,3543.0,3545.0,3577.0,3535.0,3569.0,3558.0,26.0,15.0,2519558.0,8965802.024,2948358.0,
RB.SHF,20200102,3569.0,3558.0,3584.0,3593.0,3540.0,3547.0,3563.0,-11.0,5.0,976947.0,3480997.023,1443715.0,
RB.SHF,20200103,3547.0,3563.0,3547.0,3567.0,3542.0,3543.0,3552.0,-20.0,-11.0,778292.0,2764934.34,1398669.0,
RB.SHF,20200106,3543.0,3552.0,3540.0,3566.0,3526.0,3559.0,3549.0,7.0,-3.0,966449.0,3430697.674,1381265.0,
RB.SHF,20200107,3559.0,3549.0,3558.0,3580.0,3556.0,3574.0,3569.0,25.0,20.0,708368.0,2528273.295,1400763.0,
RB.SHF,20200108,3574.0,3569.0,3574.0,3621.0,3571.0,3617.0,3602.0,48.0,33.0,1051293.0,3787325.856,1419374.0,
RB.SHF,20200109,3617.0,3602.0,3617.0,3622.0,3550.0,3555.0,3587.0,-47.0,-15.0,1162066.0,4169241.28,1337536.0,
RB.SHF,20200110,3555.0,3587.0,3559.0,3583.0,3555.0,3571.0,3568.0,-16.0,-19.0,641895.0,2290517.49,1357418.0,
RB.SHF,20200113,3571.0,3568.0,3565.0,3567.0,3529.0,3530.0,3549.0,-38.0,-19.0,864329.0,3067829.319,1305835.0,
RB.SHF,20200114,3530.0,3549.0,3528.0,3572.0,3518.0,3570.0,3546.0,21.0,-3.0,916208.0,3249652.204,1311222.0,
RB.SHF,20200115,3570.0,3546.0,3570.0,3578.0,3537.0,3537.0,3556.0,-9.0,10.0,866185.0,3080897.477,1301908.0,
RB.SHF,20200116,3537.0,3556.0,3537.0,3577.0,3535.0,3565.0,3558.0,9.0,2.0,913755.0,3251878.574,1313248.0,
RB.SHF,20200117,3565.0,3558.0,3565.0,3608.0,3562.0,3595.0,3586.0,37.0,28.0,919377.0,3297089.09,1396015.0,
RB.SHF,20200120,3595.0,3586.0,3599.0,3618.0,3588.0,3605.0,3602.0,19.0,16.0,652366.0,2350445.846,1394164.0,
RB.SHF,20200121,3605.0,3602.0,3605.0,3606.0,3555.0,3570.0,3574.0,-32.0,-28.0,887469.0,3172457.808,1324051.0,
RB.SHF,20200122,3570.0,3574.0,3565.0,3568.0,3506.0,3558.0,3536.0,-16.0,-38.0,1161870.0,4109130.732,1263535.0,
RB.SHF,20200123,3558.0,3536.0,3551.0,3552.0,3491.0,3500.0,3515.0,-36.0,-21.0,901368.0,3168368.334,1269146.0,
RB.SHF,20200203,3500.0,3515.0,3233.0,3294.0,3233.0,3233.0,3259.0,-282.0,-256.0,1223078.0,3986167.967,1260621.0,
RB.SHF,20200204,3233.0,3259.0,3209.0,3333.0,3207.0,3312.0,3285.0,53.0,26.0,1385797.0,4553196.535,1243680.0,
RB.SHF,20200205,3312.0,3285.0,3298.0,3324.0,3282.0,3297.0,3300.0,12.0,15.0,1028552.0,3395020.406,1312971.0,
RB.SHF,20200206,3297.0,3300.0,3297.0,3316.0,3270.0,3304.0,3295.0,4.0,-5.0,1139425.0,3754976.388,1364689.0,
RB.SHF,20200207,3304.0,3295.0,3300.0,3340.0,3289.0,3325.0,3309.0,30.0,14.0,851755.0,2818927.152,1400638.0,
RB.SHF,20200210,3325.0,3309.0,3308.0,3321.0,3279.0,3305.0,3303.0,-4.0,-6.0,889861.0,2939236.461,1396485.0,
RB.SHF,20200211,3305.0,3303.0,3316.0,3488.0,3304.0,3392.0,3393.0,89.0,90.0,2293748.0,7784507.813,1350758.0,
RB.SHF,20200212,3392.0,3393.0,3410.0,3423.0,3382.0,3404.0,3404.0,11.0,11.0,1088528.0,3706223.686,1353006.0,
RB.SHF,20200213,3404.0,3404.0,3400.0,3424.0,3383.0,3395.0,3399.0,-9.0,-5.0,1051409.0,3574437.277,1439345.0,
RB.SHF,20200214,3395.0,3399.0,3391.0,3404.0,3365.0,3398.0,3385.0,-1.0,-14.0,988231.0,3345421.084,1461182.0,
RB.SHF,20200217,3398.0,3385.0,3393.0,3437.0,3386.0,3427.0,3413.0,42.0,28.0,1125505.0,3841900.812,1520571.0,
RB.SHF,20200218,3427.0,3413.0,3426.0,3434.0,3386.0,3390.0,3409.0,-23.0,-4.0,1145614.0,3906429.549,1513733.0,
RB.SHF,20200219,3390.0,3409.0,3385.0,3403.0,3376.0,3394.0,3389.0,-15.0,-20.0,842101.0,2854601.411,1523788.0,
RB.SHF,20200220,3394.0,3389.0,3395.0,3479.0,3394.0,3460.0,3440.0,71.0,51.0,1843584.0,6342449.859,1521918.0,
RB.SHF,20200221,3460.0,3440.0,3465.0,3488.0,3453.0,3485.0,3470.0,45.0,30.0,1226015.0,4255112.086,1540040.0,
RB.SHF,20200224,3485.0,3470.0,3500.0,3514.0,3458.0,3476.0,3483.0,6.0,13.0,1392277.0,4850521.447,1509634.0,
RB.SHF,20200225,3476.0,3483.0,3435.0,3494.0,3431.0,3489.0,3461.0,6.0,-22.0,1269765.0,4395348.56,1456094.0,
RB.SHF,20200226,3489.0,3461.0,3470.0,3488.0,3440.0,3447.0,3464.0,-14.0,3.0,1267101.0,4389453.965,1497764.0,
RB.SHF,20200227,3447.0,3464.0,3445.0,3456.0,3408.0,3419.0,3426.0,-45.0,-38.0,1111680.0,3808623.605,1512736.0,
RB.SHF,20200228,3419.0,3426.0,3388.0,3393.0,3324.0,3335.0,3354.0,-91.0,-72.0,1950824.0,6544859.6,1490719.0,
RB.SHF,20200302,3335.0,3354.0,3321.0,3446.0,3321.0,3422.0,3399.0,68.0,45.0,1806859.0,6142697.752,1466679.0,
RB.SHF,20200303,3422.0,3399.0,3450.0,3466.0,3414.0,3421.0,3437.0,22.0,38.0,1178454.0,4050634.37,1468726.0,
RB.SHF,20200304,3421.0,3437.0,3411.0,3479.0,3410.0,3477.0,3449.0,40.0,12.0,1384581.0,4775721.977,1456822.0,
RB.SHF,20200305,3477.0,3449.0,3478.0,3496.0,3461.0,3469.0,3475.0,20.0,26.0,1102747.0,3832819.824,1463654.0,
RB.SHF,20200306,3469.0,3475.0,3457.0,3469.0,3434.0,3441.0,3449.0,-34.0,-26.0,1092230.0,3768122.417,1454168.0,
RB.SHF,20200309,3441.0,3449.0,3350.0,3442.0,3350.0,3439.0,3400.0,-10.0,-49.0,1885069.0,6409665.524,1425767.0,
RB.SHF,20200310,3439.0,3400.0,3438.0,3494.0,3427.0,3479.0,3464.0,79.0,64.0,1469955.0,5092434.946,1411376.0,
RB.SHF,20200311,3479.0,3464.0,3496.0,3528.0,3484.0,3497.0,3506.0,33.0,42.0,1570594.0,5507921.829,1425564.0,
RB.SHF,20200312,3497.0,3506.0,3497.0,3530.0,3466.0,3521.0,3504.0,15.0,-2.0,1945117.0,6816204.704,1394189.0,
RB.SHF,20200313,3521.0,3504.0,3494.0,3574.0,3465.0,3569.0,3511.0,65.0,7.0,2353957.0,8265052.363,1339120.0,
RB.SHF,20200316,3569.0,3511.0,3560.0,3584.0,3537.0,3553.0,3562.0,42.0,51.0,1468238.0,5230163.739,1258691.0,
RB.SHF,20200317,3553.0,3562.0,3548.0,3565.0,3530.0,3555.0,3546.0,-7.0,-16.0,1253354.0,4445312.357,1183732.0,
RB.SHF,20200318,3555.0,3546.0,3545.0,3592.0,3531.0,3548.0,3560.0,2.0,14.0,1635325.0,5823350.742,1131497.0,
RB.SHF,20200319,3548.0,3560.0,3548.0,3555.0,3329.0,3528.0,3461.0,-32.0,-99.0,2993126.0,10361387.141,979193.0,
RB.SHF,20200320,3528.0,3379.0,3445.0,3471.0,3343.0,3359.0,3395.0,-20.0,16.0,910757.0,3092233.553,989541.0,
RB.SHF,20200323,3359.0,3395.0,3310.0,3329.0,3240.0,3270.0,3288.0,-125.0,-107.0,1071296.0,3523113.475,1110759.0,
RB.SHF,20200324,3270.0,3288.0,3285.0,3362.0,3281.0,3346.0,3314.0,58.0,26.0,1219523.0,4042469.596,1096182.0,
RB.SHF,20200325,3346.0,3314.0,3368.0,3391.0,3333.0,3365.0,3364.0,51.0,50.0,989968.0,3330852.108,1117582.0,
RB.SHF,20200326,3365.0,3364.0,3360.0,3377.0,3335.0,3341.0,3351.0,-23.0,-13.0,998466.0,3346703.04,1164251.0,
RB.SHF,20200327,3341.0,3351.0,3351.0,3362.0,3321.0,3329.0,3342.0,-22.0,-9.0,1074451.0,3591808.228,1208580.0,
RB.SHF,20200330,3329.0,3342.0,3306.0,3308.0,3224.0,3242.0,3256.0,-100.0,-86.0,1638094.0,5335028.216,1371228.0,
RB.SHF,20200331,3242.0,3256.0,3253.0,3271.0,3220.0,3233.0,3245.0,-23.0,-11.0,1073302.0,3482903.842,1432887.0,
RB.SHF,20200401,3233.0,3245.0,3245.0,3245.0,3154.0,3169.0,3182.0,-76.0,-63.0,1710110.0,5442173.095,1611977.0,
RB.SHF,20200402,3169.0,3182.0,3150.0,3241.0,3103.0,3229.0,3165.0,47.0,-17.0,2280121.0,7218300.657,1551444.0,
RB.SHF,20200403,3229.0,3165.0,3230.0,3257.0,3178.0,3189.0,3203.0,24.0,38.0,1394167.0,4465724.332,1499548.0,
RB.SHF,20200407,3189.0,3203.0,3218.0,3244.0,3191.0,3206.0,3215.0,3.0,12.0,1364695.0,4387948.993,1534684.0,
RB.SHF,20200408,3206.0,3215.0,3200.0,3257.0,3183.0,3244.0,3227.0,29.0,12.0,1479143.0,4774183.168,1501120.0,
RB.SHF,20200409,3244.0,3227.0,3257.0,3322.0,3253.0,3306.0,3293.0,79.0,66.0,1704182.0,5612029.559,1535127.0,
RB.SHF,20200410,3306.0,3293.0,3306.0,3376.0,3298.0,3373.0,3330.0,80.0,37.0,1563049.0,5205719.098,1523575.0,
RB.SHF,20200413,3373.0,3330.0,3378.0,3417.0,3356.0,3387.0,3388.0,57.0,58.0,1638618.0,5553131.415,1584948.0,
RB.SHF,20200414,3387.0,3388.0,3393.0,3425.0,3370.0,3384.0,3393.0,-4.0,5.0,1488667.0,5052116.809,1569799.0,
RB.SHF,20200415,3384.0,3393.0,3378.0,3405.0,3358.0,3373.0,3380.0,-20.0,-13.0,1449573.0,4899829.129,1562103.0,
RB.SHF,20200416,3373.0,3380.0,3363.0,3408.0,3348.0,3385.0,3380.0,5.0,0.0,1743734.0,5894511.478,1546029.0,
RB.SHF,20200417,3385.0,3380.0,3398.0,3435.0,3371.0,3381.0,3400.0,1.0,20.0,1654281.0,5625940.044,1507800.0,
RB.SHF,20200420,3381.0,3400.0,3399.0,3405.0,3360.0,3362.0,3379.0,-38.0,-21.0,1123065.0,3795111.642,1538347.0,
RB.SHF,20200421,3362.0,3379.0,3350.0,3351.0,3306.0,3337.0,3326.0,-42.0,-53.0,1529213.0,5087639.806,1527245.0,
RB.SHF,20200422,3337.0,3326.0,3320.0,3375.0,3304.0,3375.0,3339.0,49.0,13.0,1455480.0,4860695.992,1572868.0,
RB.SHF,20200423,3375.0,3339.0,3376.0,3388.0,3325.0,3330.0,3356.0,-9.0,17.0,1510335.0,5070000.292,1538473.0,
RB.SHF,20200424,3330.0,3356.0,3325.0,3348.0,3318.0,3343.0,3334.0,-13.0,-22.0,1122495.0,3742587.966,1521265.0,
RB.SHF,20200427,3343.0,3334.0,3345.0,3359.0,3309.0,3316.0,3330.0,-18.0,-4.0,1200761.0,3999545.888,1514312.0,
RB.SHF,20200428,3316.0,3330.0,3309.0,3333.0,3276.0,3292.0,3303.0,-38.0,-27.0,1652114.0,5456949.601,1534322.0,
RB.SHF,20200429,3292.0,3303.0,3292.0,3315.0,3286.0,3302.0,3297.0,-1.0,-6.0,981516.0,3236969.417,1541709.0,
RB.SHF,20200430,3302.0,3297.0,3312.0,3368.0,3311.0,3367.0,3343.0,70.0,46.0,1351155.0,4517377.749,1478071.0,
RB.SHF,20200506,3367.0,3343.0,3385.0,3406.0,3371.0,3392.0,3388.0,49.0,45.0,1091440.0,3698274.9,1455415.0,
RB.SHF,20200507,3392.0,3388.0,3400.0,3443.0,3394.0,3439.0,3422.0,51.0,34.0,1421089.0,4863100.44,1567775.0,
RB.SHF,20200508,3439.0,3422.0,3443.0,3480.0,3439.0,3452.0,3457.0,30.0,35.0,1430332.0,4945181.282,1559451.0,
RB.SHF,20200511,3452.0,3457.0,3460.0,3474.0,3432.0,3452.0,3452.0,-5.0,-5.0,1272924.0,4395161.424,1542556.0,
RB.SHF,20200512,3452.0,3452.0,3448.0,3467.0,3441.0,3464.0,3455.0,12.0,3.0,1014702.0,3505869.294,1571098.0,
RB.SHF,20200513,3464.0,3455.0,3470.0,3495.0,3434.0,3464.0,3463.0,9.0,8.0,1638388.0,5674563.93,1557860.0,
RB.SHF,20200514,3464.0,3463.0,3464.0,3474.0,3443.0,3445.0,3457.0,-18.0,-6.0,1391639.0,4812204.472,1572719.0,
RB.SHF,20200515,3445.0,3457.0,3442.0,3476.0,3426.0,3464.0,3453.0,7.0,-4.0,1475799.0,5096281.052,1568331.0,
RB.SHF,20200518,3464.0,3453.0,3469.0,3544.0,3455.0,3528.0,3512.0,75.0,59.0,1869234.0,6564793.269,1473769.0,
RB.SHF,20200519,3528.0,3512.0,3527.0,3583.0,3522.0,3562.0,3557.0,50.0,45.0,1586398.0,5642918.887,1486670.0,
RB.SHF,20200520,3562.0,3557.0,3556.0,3558.0,3524.0,3531.0,3539.0,-26.0,-18.0,1111150.0,3932499.462,1468224.0,
RB.SHF,20200521,3531.0,3539.0,3535.0,3571.0,3527.0,3568.0,3548.0,29.0,9.0,1233801.0,4377786.593,1449396.0,
RB.SHF,20200522,3568.0,3548.0,3570.0,3594.0,3505.0,3508.0,3547.0,-40.0,-1.0,1957742.0,6944294.8,1375530.0,
RB.SHF,20200525,3508.0,3547.0,3516.0,3538.0,3488.0,3500.0,3510.0,-47.0,-37.0,1412621.0,4958923.843,1349237.0,
RB.SHF,20200526,3500.0,3510.0,3500.0,3520.0,3488.0,3493.0,3502.0,-17.0,-8.0,1211222.0,4242650.931,1326071.0,
RB.SHF,20200527,3493.0,3502.0,3486.0,3510.0,3467.0,3494.0,3485.0,-8.0,-17.0,1366527.0,4763161.81,1305295.0,
RB.SHF,20200528,3494.0,3485.0,3495.0,3512.0,3472.0,3498.0,3492.0,13.0,7.0,1335486.0,4663599.191,1258513.0,
RB.SHF,20200529,3498.0,3492.0,3498.0,3580.0,3495.0,3579.0,3533.0,87.0,41.0,1609216.0,5686299.436,1330273.0,
RB.SHF,20200601,3579.0,3533.0,3580.0,3609.0,3557.0,3577.0,3580.0,44.0,47.0,1786836.0,6398634.962,1267393.0,
RB.SHF,20200602,3577.0,3580.0,3569.0,3648.0,3568.0,3634.0,3608.0,54.0,28.0,1639428.0,5915274.778,1424237.0,
RB.SHF,20200603,3634.0,3608.0,3641.0,3663.0,3622.0,3634.0,3640.0,26.0,32.0,1617332.0,5887770.87,1405922.0,
RB.SHF,20200604,3634.0,3640.0,3633.0,3679.0,3605.0,3606.0,3646.0,-34.0,6.0,1924866.0,7018430.143,1383452.0,
RB.SHF,20200605,3606.0,3646.0,3607.0,3615.0,3591.0,3604.0,3603.0,-42.0,-43.0,1115833.0,4021189.092,1325018.0,
RB.SHF,20200608,3604.0,3603.0,3605.0,3666.0,3583.0,3616.0,3628.0,13.0,25.0,1779854.0,6458197.971,1307324.0,
RB.SHF,20200609,3616.0,3628.0,3615.0,3626.0,3588.0,3619.0,3603.0,-9.0,-25.0,1281325.0,4617877.969,1325030.0,
RB.SHF,20200610,3619.0,3603.0,3612.0,3623.0,3578.0,3587.0,3602.0,-16.0,-1.0,1246605.0,4491425.9,1388278.0,
RB.SHF,20200611,3587.0,3602.0,3585.0,3621.0,3572.0,3596.0,3593.0,-6.0,-9.0,1440657.0,5177042.404,1336524.0,
RB.SHF,20200612,3596.0,3593.0,3589.0,3627.0,3560.0,3626.0,3597.0,33.0,4.0,1627885.0,5856900.095,1383420.0,
RB.SHF,20200615,3626.0,3597.0,3630.0,3635.0,3567.0,3572.0,3601.0,-25.0,4.0,1490916.0,5368962.602,1364692.0,
RB.SHF,20200616,3572.0,3601.0,3577.0,3605.0,3575.0,3599.0,3592.0,-2.0,-9.0,935338.0,3360370.892,1347586.0,
RB.SHF,20200617,3599.0,3592.0,3595.0,3620.0,3572.0,3585.0,3594.0,-7.0,2.0,1286906.0,4625867.891,1376871.0,
RB.SHF,20200618,3585.0,3594.0,3589.0,3619.0,3583.0,3615.0,3604.0,21.0,10.0,1625784.0,5860366.528,1399007.0,
RB.SHF,20200619,3615.0,3604.0,3615.0,3649.0,3609.0,3645.0,3629.0,41.0,25.0,1332869.0,4838077.628,1443332.0,
RB.SHF,20200622,3645.0,3629.0,3645.0,3658.0,3615.0,3620.0,3636.0,-9.0,7.0,1335426.0,4856037.981,1440433.0,
RB.SHF,20200623,3620.0,3636.0,3615.0,3624.0,3606.0,3610.0,3614.0,-26.0,-22.0,860391.0,3109896.321,1403288.0,
RB.SHF,20200624,3610.0,3614.0,3618.0,3623.0,3609.0,3620.0,3615.0,6.0,1.0,710780.0,2569724.961,1330535.0,
RB.SHF,20200629,3620.0,3615.0,3609.0,3609.0,3551.0,3552.0,3569.0,-63.0,-46.0,1200046.0,4283957.99,1376086.0,
RB.SHF,20200630,3552.0,3569.0,3551.0,3584.0,3551.0,3565.0,3568.0,-4.0,-1.0,937335.0,3344915.185,1366053.0,
RB.SHF,20200701,3565.0,3568.0,3568.0,3575.0,3542.0,3566.0,3561.0,-2.0,-7.0,1086114.0,3868138.443,1361885.0,
RB.SHF,20200702,3566.0,3561.0,3565.0,3582.0,3560.0,3573.0,3569.0,12.0,8.0,809918.0,2890623.265,1400881.0,
RB.SHF,20200703,3573.0,3569.0,3575.0,3620.0,3574.0,3619.0,3603.0,50.0,34.0,1234028.0,4447302.215,1407435.0,
RB.SHF,20200706,3619.0,3603.0,3622.0,3630.0,3603.0,3618.0,3615.0,15.0,12.0,949955.0,3435018.929,1372154.0,
RB.SHF,20200707,3618.0,3615.0,3618.0,3654.0,3618.0,3634.0,3636.0,19.0,21.0,957205.0,3480601.553,1379963.0,
RB.SHF,20200708,3634.0,3636.0,3638.0,3706.0,3636.0,3702.0,3678.0,66.0,42.0,1368067.0,5032670.493,1459061.0,
RB.SHF,20200709,3702.0,3678.0,3708.0,3743.0,3703.0,3726.0,3720.0,48.0,42.0,1172500.0,4362050.832,1440834.0,
RB.SHF,20200710,3726.0,3720.0,3724.0,3724.0,3680.0,3690.0,3703.0,-30.0,-17.0,1178742.0,4365624.811,1392024.0,
RB.SHF,20200713,3690.0,3703.0,3692.0,3768.0,3692.0,3739.0,3735.0,36.0,32.0,1377096.0,5144053.17,1372843.0,
RB.SHF,20200714,3739.0,3735.0,3740.0,3754.0,3715.0,3744.0,3735.0,9.0,0.0,953888.0,3562872.189,1358974.0,
RB.SHF,20200715,3744.0,3735.0,3744.0,3762.0,3720.0,3746.0,3739.0,11.0,4.0,858734.0,3211321.074,1370333.0,
RB.SHF,20200716,3746.0,3739.0,3740.0,3743.0,3691.0,3703.0,3719.0,-36.0,-20.0,1255806.0,4671344.605,1349287.0,
RB.SHF,20200717,3703.0,3719.0,3705.0,3734.0,3685.0,3726.0,3711.0,7.0,-8.0,926286.0,3438370.597,1309818.0,
RB.SHF,20200720,3726.0,3711.0,3721.0,3749.0,3696.0,3701.0,3719.0,-10.0,8.0,1026160.0,3816457.304,1321592.0,
RB.SHF,20200721,3701.0,3719.0,3700.0,3765.0,3696.0,3764.0,3733.0,45.0,14.0,1025173.0,3827876.674,1336180.0,
RB.SHF,20200722,3764.0,3733.0,3770.0,3816.0,3765.0,3782.0,3789.0,49.0,56.0,1136590.0,4306888.469,1349404.0,
RB.SHF,20200723,3782.0,3789.0,3773.0,3808.0,3770.0,3806.0,3787.0,17.0,-2.0,820694.0,3108146.618,1365819.0,
RB.SHF,20200724,3806.0,3787.0,3804.0,3805.0,3728.0,3747.0,3769.0,-40.0,-18.0,1384951.0,5220256.792,1342172.0,
RB.SHF,20200727,3747.0,3769.0,3750.0,3785.0,3715.0,3723.0,3752.0,-46.0,-17.0,1037820.0,3894220.817,1294974.0,
RB.SHF,20200728,3723.0,3752.0,3722.0,3770.0,3715.0,3724.0,3741.0,-28.0,-11.0,981517.0,3672424.364,1291599.0,
RB.SHF,20200729,3724.0,3741.0,3720.0,3776.0,3711.0,3766.0,3748.0,25.0,7.0,856356.0,3210235.283,1318072.0,
RB.SHF,20200730,3766.0,3748.0,3768.0,3783.0,3750.0,3767.0,3765.0,19.0,17.0,810172.0,3050443.388,1295074.0,
RB.SHF,20200731,3767.0,3765.0,3765.0,3780.0,3722.0,3777.0,3758.0,12.0,-7.0,1159218.0,4356504.199,1280611.0,
RB.SHF,20200803,3777.0,3758.0,3771.0,3845.0,3762.0,3836.0,3811.0,78.0,53.0,1105480.0,4213508.193,1305441.0,
RB.SHF,20200804,3836.0,3811.0,3832.0,3857.0,3828.0,3840.0,3843.0,29.0,32.0,704824.0,2708734.094,1275308.0,
RB.SHF,20200805,3840.0,3843.0,3835.0,3847.0,3804.0,3832.0,3828.0,-11.0,-15.0,810005.0,3101182.149,1221511.0,
RB.SHF,20200806,3832.0,3828.0,3836.0,3879.0,3834.0,3858.0,3855.0,30.0,27.0,1050458.0,4049818.011,1185585.0,
RB.SHF,20200807,3858.0,3855.0,3888.0,3888.0,3812.0,3832.0,3844.0,-23.0,-11.0,942596.0,3623691.856,1137326.0,
RB.SHF,20200810,3832.0,3844.0,3830.0,3841.0,3805.0,3822.0,3821.0,-22.0,-23.0,735550.0,2810898.749,1114052.0,
RB.SHF,20200811,3822.0,3821.0,3822.0,3851.0,3792.0,3795.0,3827.0,-26.0,6.0,881666.0,3374213.526,1064817.0,
RB.SHF,20200812,3795.0,3827.0,3795.0,3809.0,3780.0,3805.0,3794.0,-22.0,-33.0,740132.0,2808715.101,1053986.0,
RB.SHF,20200813,3805.0,3794.0,3810.0,3817.0,3766.0,3791.0,3787.0,-3.0,-7.0,820073.0,3106244.263,1023253.0,
RB.SHF,20200814,3791.0,3787.0,3790.0,3802.0,3772.0,3799.0,3786.0,12.0,-1.0,682535.0,2584469.514,1008694.0,
RB.SHF,20200817,3799.0,3786.0,3792.0,3840.0,3786.0,3832.0,3821.0,46.0,35.0,747603.0,2856652.229,1008394.0,
RB.SHF,20200818,3832.0,3821.0,3832.0,3850.0,3824.0,3848.0,3838.0,27.0,17.0,601564.0,2308939.02,973409.0,
RB.SHF,20200819,3848.0,3838.0,3840.0,3856.0,3792.0,3794.0,3824.0,-44.0,-14.0,827835.0,3166086.288,909520.0,
RB.SHF,20200820,3794.0,3824.0,3794.0,3795.0,3755.0,3765.0,3772.0,-59.0,-52.0,807143.0,3045194.13,832444.0,
RB.SHF,20200821,3765.0,3772.0,3765.0,3800.0,3764.0,3783.0,3780.0,11.0,8.0,550678.0,2082037.074,779082.0,
RB.SHF,20200824,3783.0,3780.0,3775.0,3810.0,3775.0,3781.0,3790.0,1.0,10.0,474701.0,1799415.329,740580.0,
RB.SHF,20200825,3781.0,3790.0,3781.0,3819.0,3770.0,3773.0,3797.0,-17.0,7.0,615545.0,2337398.862,688362.0,
RB.SHF,20200826,3773.0,3742.0,3705.0,3735.0,3687.0,3726.0,3708.0,-16.0,-34.0,827155.0,3067544.327,994949.0,
RB.SHF,20200827,3726.0,3708.0,3734.0,3747.0,3702.0,3717.0,3725.0,9.0,17.0,824348.0,3071515.256,1049757.0,
RB.SHF,20200828,3717.0,3725.0,3714.0,3734.0,3694.0,3734.0,3717.0,9.0,-8.0,772438.0,2871351.653,1061152.0,
RB.SHF,20200831,3734.0,3717.0,3730.0,3788.0,3721.0,3779.0,3762.0,62.0,45.0,1012018.0,3808185.856,1116254.0,
RB.SHF,20200901,3779.0,3762.0,3775.0,3784.0,3766.0,3774.0,3774.0,12.0,12.0,511516.0,1930645.106,1132903.0,
RB.SHF,20200902,3774.0,3774.0,3774.0,3787.0,3754.0,3778.0,3771.0,4.0,-3.0,813630.0,3068382.505,1140413.0,
RB.SHF,20200903,3778.0,3771.0,3777.0,3818.0,3776.0,3790.0,3795.0,19.0,24.0,1087044.0,4125799.51,1196155.0,
RB.SHF,20200904,3790.0,3795.0,3792.0,3800.0,3730.0,3754.0,3758.0,-41.0,-37.0,1059478.0,3981747.536,1143834.0,
RB.SHF,20200907,3754.0,3758.0,3755.0,3772.0,3724.0,3736.0,3751.0,-22.0,-7.0,1083843.0,4065728.189,1139801.0,
RB.SHF,20200908,3736.0,3751.0,3741.0,3760.0,3718.0,3719.0,3741.0,-32.0,-10.0,795130.0,2974581.867,1156745.0,
RB.SHF,20200909,3719.0,3741.0,3705.0,3730.0,3651.0,3658.0,3699.0,-83.0,-42.0,1387574.0,5132682.016,1158237.0,
RB.SHF,20200910,3658.0,3699.0,3675.0,3684.0,3631.0,3640.0,3660.0,-59.0,-39.0,1060684.0,3882608.833,1191514.0,
RB.SHF,20200911,3640.0,3660.0,3640.0,3669.0,3622.0,3665.0,3647.0,5.0,-13.0,883769.0,3223955.418,1197894.0,
RB.SHF,20200914,3665.0,3647.0,3678.0,3680.0,3642.0,3664.0,3661.0,17.0,14.0,858379.0,3143077.506,1203687.0,
RB.SHF,20200915,3664.0,3661.0,3658.0,3686.0,3591.0,3592.0,3640.0,-69.0,-21.0,1276034.0,4645562.041,1313209.0,
RB.SHF,20200916,3592.0,3640.0,3593.0,3613.0,3562.0,3575.0,3587.0,-65.0,-53.0,1283808.0,4605437.445,1312799.0,
RB.SHF,20200917,3575.0,3587.0,3575.0,3598.0,3564.0,3577.0,3580.0,-10.0,-7.0,1030993.0,3691420.429,1269749.0,
RB.SHF,20200918,3577.0,3580.0,3580.0,3617.0,3568.0,3603.0,3596.0,23.0,16.0,994788.0,3577391.955,1244229.0,
RB.SHF,20200921,3603.0,3596.0,3596.0,3604.0,3524.0,3539.0,3553.0,-57.0,-43.0,1188490.0,4223446.762,1290859.0,
RB.SHF,20200922,3539.0,3553.0,3541.0,3554.0,3503.0,3537.0,3536.0,-16.0,-17.0,982249.0,3473254.084,1243030.0,
RB.SHF,20200923,3537.0,3536.0,3539.0,3560.0,3499.0,3542.0,3531.0,6.0,-5.0,1082034.0,3821146.706,1253222.0,
RB.SHF,20200924,3542.0,3531.0,3545.0,3563.0,3527.0,3552.0,3547.0,21.0,16.0,944747.0,3351023.696,1235303.0,
RB.SHF,20200925,3552.0,3547.0,3552.0,3556.0,3520.0,3522.0,3537.0,-25.0,-10.0,989538.0,3500483.454,1244934.0,
RB.SHF,20200928,3522.0,3537.0,3518.0,3551.0,3505.0,3540.0,3531.0,3.0,-6.0,1189331.0,4199544.887,1240732.0,
RB.SHF,20200929,3540.0,3531.0,3546.0,3548.0,3501.0,3536.0,3520.0,5.0,-11.0,1086275.0,3824236.936,1222678.0,
RB.SHF,20200930,3536.0,3520.0,3536.0,3570.0,3526.0,3560.0,3553.0,40.0,33.0,1095792.0,3893394.933,1144068.0,
RB.SHF,20201009,3560.0,3553.0,3596.0,3643.0,3580.0,3633.0,3612.0,80.0,59.0,807001.0,2914997.82,1143614.0,
RB.SHF,20201012,3633.0,3612.0,3636.0,3656.0,3627.0,3637.0,3637.0,25.0,25.0,708985.0,2578740.094,1161498.0,
RB.SHF,20201013,3637.0,3637.0,3637.0,3646.0,3614.0,3628.0,3628.0,-9.0,-9.0,764742.0,2774995.416,1147934.0,
RB.SHF,20201014,3628.0,3628.0,3625.0,3642.0,3606.0,3618.0,3622.0,-10.0,-6.0,736791.0,2668923.143,1155045.0,
RB.SHF,20201015,3618.0,3622.0,3623.0,3628.0,3582.0,3612.0,3604.0,-10.0,-18.0,955489.0,3443836.979,1163027.0,
RB.SHF,20201016,3612.0,3604.0,3603.0,3640.0,3592.0,3632.0,3613.0,28.0,9.0,898244.0,3245398.763,1135625.0,
RB.SHF,20201019,3632.0,3613.0,3636.0,3664.0,3591.0,3611.0,3627.0,-2.0,14.0,1300997.0,4720011.967,1162179.0,
RB.SHF,20201020,3611.0,3627.0,3620.0,3630.0,3609.0,3616.0,3618.0,-11.0,-9.0,590671.0,2137615.156,1139026.0,
RB.SHF,20201021,3616.0,3618.0,3616.0,3652.0,3613.0,3650.0,3632.0,32.0,14.0,777874.0,2825538.204,1156504.0,
RB.SHF,20201022,3650.0,3632.0,3654.0,3671.0,3632.0,3642.0,3653.0,10.0,21.0,875218.0,3197218.674,1128549.0,
RB.SHF,20201023,3642.0,3653.0,3641.0,3679.0,3615.0,3616.0,3651.0,-37.0,-2.0,1129201.0,4122996.882,1149653.0,
RB.SHF,20201026,3616.0,3651.0,3621.0,3627.0,3600.0,3613.0,3613.0,-38.0,-38.0,864064.0,3121935.0,1151314.0,
RB.SHF,20201027,3613.0,3613.0,3613.0,3626.0,3605.0,3616.0,3616.0,3.0,3.0,538619.0,1947870.0,1139848.0,
RB.SHF,20201028,3616.0,3616.0,3620.0,3670.0,3615.0,3668.0,3643.0,52.0,27.0,1189477.0,4334408.0,1135457.0,
RB.SHF,20201029,3668.0,3643.0,3652.0,3680.0,3645.0,3668.0,3662.0,25.0,19.0,909215.0,3330040.0,1121275.0,
RB.SHF,20201030,3668.0,3662.0,3664.0,3714.0,3653.0,3702.0,3687.0,40.0,25.0,1092653.0,4029431.0,1152712.0,
RB.SHF,20201102,3702.0,3687.0,3703.0,3721.0,3692.0,3719.0,3708.0,32.0,21.0,730956.0,2710449.0,1159303.0,
RB.SHF,20201103,3719.0,3708.0,3720.0,3730.0,3706.0,3708.0,3716.0,0.0,8.0,573928.0,2133022.0,1159598.0,
RB.SHF,20201104,3708.0,3716.0,3711.0,3762.0,3711.0,3753.0,3736.0,37.0,20.0,945303.0,3532153.0,1211206.0,
RB.SHF,20201105,3753.0,3736.0,3760.0,3772.0,3735.0,3748.0,3754.0,12.0,18.0,716180.0,2688936.0,1187604.0,
RB.SHF,20201106,3748.0,3754.0,3748.0,3790.0,3747.0,3782.0,3773.0,28.0,19.0,690166.0,2604051.0,1235967.0,
RB.SHF,20201109,3782.0,3773.0,3791.0,3874.0,3787.0,3859.0,3838.0,86.0,65.0,1021970.0,3922645.0,1219769.0,
RB.SHF,20201110,3859.0,3838.0,3875.0,3888.0,3818.0,3826.0,3848.0,-12.0,10.0,821818.0,3162707.0,1187661.0,
RB.SHF,20201111,3826.0,3848.0,3826.0,3858.0,3824.0,3843.0,3841.0,-5.0,-7.0,560686.0,2153850.0,1175414.0,
RB.SHF,20201112,3843.0,3841.0,3838.0,3872.0,3812.0,3832.0,3840.0,-9.0,-1.0,917453.0,3523509.0,1197561.0,
RB.SHF,20201113,3832.0,3840.0,3830.0,3848.0,3816.0,3840.0,3833.0,0.0,-7.0,677706.0,2598304.0,1192211.0,
RB.SHF,20201116,3840.0,3833.0,3840.0,3859.0,3810.0,3852.0,3836.0,19.0,3.0,921326.0,3534998.338,1173230.0,
RB.SHF,20201117,3852.0,3836.0,3853.0,3920.0,3848.0,3919.0,3889.0,83.0,53.0,1103475.0,4291452.0,1225098.0,
RB.SHF,20201118,3919.0,3889.0,3920.0,3928.0,3886.0,3907.0,3906.0,18.0,17.0,663714.0,2592514.0,1191227.0,
RB.SHF,20201119,3907.0,3906.0,3906.0,3956.0,3906.0,3940.0,3935.0,34.0,29.0,834183.0,3282528.742,1197284.0,
RB.SHF,20201120,3940.0,3935.0,3930.0,3980.0,3930.0,3977.0,3955.0,42.0,20.0,698059.0,2761281.0,1209316.0,
RB.SHF,20201123,3977.0,3955.0,3981.0,4005.0,3903.0,3911.0,3945.0,-44.0,-10.0,1290303.0,5091169.0,1076051.0,
RB.SHF,20201124,3911.0,3945.0,3911.0,3924.0,3895.0,3910.0,3913.0,-35.0,-32.0,608878.0,2382666.0,1037906.0,
RB.SHF,20201125,3910.0,3913.0,3900.0,3913.0,3858.0,3865.0,3881.0,-48.0,-32.0,1088059.0,4223272.0,977157.0,
RB.SHF,20201126,3865.0,3881.0,3855.0,3896.0,3855.0,3884.0,3878.0,3.0,-3.0,717036.0,2780724.51,912001.0,
RB.SHF,20201127,3884.0,3878.0,3884.0,3955.0,3882.0,3924.0,3928.0,46.0,50.0,996601.0,3915610.919,912695.0,
RB.SHF,20201130,3924.0,3928.0,3924.0,3944.0,3889.0,3906.0,3919.0,-22.0,-9.0,996077.0,3903935.91,792551.0,
RB.SHF,20201201,3906.0,3919.0,3900.0,3912.0,3872.0,3892.0,3892.0,-27.0,-27.0,617798.0,2404538.419,744402.0,
RB.SHF,20201202,3892.0,3892.0,3891.0,3939.0,3887.0,3913.0,3914.0,21.0,22.0,670259.0,2624029.695,710249.0,
RB.SHF,20201203,3913.0,3914.0,3910.0,3917.0,3865.0,3866.0,3895.0,-48.0,-19.0,674327.0,2626575.553,681075.0,
RB.SHF,20201204,3866.0,3895.0,3868.0,3917.0,3831.0,3900.0,3881.0,5.0,-14.0,819351.0,3179974.0,624212.0,
RB.SHF,20201207,3900.0,3881.0,3899.0,3999.0,3884.0,3980.0,3943.0,99.0,62.0,849603.0,3350252.778,555254.0,
RB.SHF,20201208,3980.0,3874.0,3921.0,3951.0,3898.0,3914.0,3928.0,40.0,54.0,1073612.0,4218025.0,894870.0,
RB.SHF,20201209,3914.0,3928.0,3904.0,3993.0,3893.0,3989.0,3946.0,61.0,18.0,1260588.0,4975468.0,1021746.0,
RB.SHF,20201210,3989.0,3946.0,3995.0,4085.0,3988.0,4040.0,4041.0,94.0,95.0,1735315.0,7013847.0,1005780.0,
RB.SHF,20201211,4040.0,4041.0,4045.0,4237.0,3998.0,4033.0,4108.0,-8.0,67.0,3301833.0,13566027.0,951089.0,
RB.SHF,20201214,4033.0,4108.0,4045.0,4080.0,3973.0,3988.0,4026.0,-120.0,-82.0,1816593.0,7314085.0,969923.0,
RB.SHF,20201215,3988.0,4026.0,3988.0,4083.0,3964.0,4073.0,4020.0,47.0,-6.0,1673432.0,6727238.0,1031317.0,
RB.SHF,20201216,4073.0,4020.0,4085.0,4150.0,4068.0,4148.0,4104.0,128.0,84.0,2078000.0,8528895.0,1100449.0,
RB.SHF,20201217,4148.0,4104.0,4155.0,4194.0,4129.0,4175.0,4163.0,71.0,59.0,1784003.0,7428075.0,1117529.0,
RB.SHF,20201218,4175.0,4163.0,4185.0,4317.0,4174.0,4316.0,4248.0,153.0,85.0,2335177.0,9920009.0,1183110.0,
RB.SHF,20201221,4316.0,4248.0,4314.0,4460.0,4272.0,4460.0,4379.0,212.0,131.0,2287800.0,10018583.0,1168745.0,
RB.SHF,20201222,4460.0,4379.0,4470.0,4603.0,4344.0,4368.0,4465.0,-11.0,86.0,4335786.0,19362101.0,1073185.0,
RB.SHF,20201223,4368.0,4465.0,4381.0,4406.0,4241.0,4283.0,4308.0,-182.0,-157.0,3592629.0,15479085.0,1077489.0,
RB.SHF,20201224,4283.0,4308.0,4283.0,4343.0,4258.0,4291.0,4306.0,-17.0,-2.0,2500667.0,10768777.0,1140598.0,
RB.SHF,20201225,4291.0,4306.0,4278.0,4348.0,4209.0,4341.0,4274.0,35.0,-32.0,2903111.0,12410163.0,1194466.0,
RB.SHF,20201228,4341.0,4274.0,4340.0,4383.0,4228.0,4244.0,4300.0,-30.0,26.0,3061108.0,13164626.545,1175467.0,
RB.SHF,20201229,4244.0,4300.0,4256.0,4282.0,4206.0,4234.0,4243.0,-66.0,-57.0,2825002.0,11987625.014,1177292.0,
RB.SHF,20201230,4234.0,4243.0,4250.0,4294.0,4179.0,4256.0,4247.0,13.0,4.0,3668716.0,15583364.0,1183457.0,
RB.SHF,20201231,4256.0,4247.0,4256.0,4400.0,4247.0,4388.0,4306.0,141.0,59.0,2649324.0,11408249.887,1217327.0,
RB.SHF,20210104,4388.0,4306.0,4354.0,4407.0,4307.0,4383.0,4346.0,77.0,40.0,1420698.0,6175572.366,1220915.0,
RB.SHF,20210105,4383.0,4346.0,4388.0,4426.0,4359.0,4397.0,4391.0,51.0,45.0,1578335.0,6930840.0,1257064.0,
RB.SHF,20210106,4397.0,4391.0,4400.0,4447.0,4315.0,4377.0,4381.0,-14.0,-10.0,2154746.0,9441154.0,1236056.0,
RB.SHF,20210107,4377.0,4381.0,4377.0,4473.0,4363.0,4455.0,4411.0,74.0,30.0,2098980.0,9259154.0,1313573.0,
RB.SHF,20210108,4455.0,4411.0,4455.0,4511.0,4435.0,4487.0,4473.0,76.0,62.0,2047522.0,9158712.0,1321813.0,
RB.SHF,20210111,4487.0,4473.0,4495.0,4500.0,4331.0,4348.0,4404.0,-125.0,-69.0,2787680.0,12277326.0,1247798.0,
RB.SHF,20210112,4348.0,4404.0,4349.0,4355.0,4262.0,4327.0,4304.0,-77.0,-100.0,2163248.0,9312348.0,1193034.0,
RB.SHF,20210113,4327.0,4304.0,4320.0,4328.0,4253.0,4293.0,4292.0,-11.0,-12.0,1917584.0,8230530.0,1178576.0,
RB.SHF,20210114,4293.0,4292.0,4289.0,4304.0,4251.0,4294.0,4281.0,2.0,-11.0,1497549.0,6411684.0,1169652.0,
RB.SHF,20210115,4294.0,4281.0,4305.0,4412.0,4301.0,4360.0,4368.0,79.0,87.0,2117861.0,9250898.0,1265904.0,
RB.SHF,20210118,4360.0,4368.0,4370.0,4400.0,4334.0,4392.0,4373.0,24.0,5.0,1547808.0,6769054.0,1273675.0,
RB.SHF,20210119,4392.0,4373.0,4392.0,4392.0,4282.0,4288.0,4329.0,-85.0,-44.0,1908555.0,8262248.0,1246331.0,
RB.SHF,20210120,4288.0,4329.0,4290.0,4325.0,4267.0,4310.0,4295.0,-19.0,-34.0,1485631.0,6381908.0,1249904.0,
RB.SHF,20210121,4310.0,4295.0,4310.0,4384.0,4270.0,4369.0,4320.0,74.0,25.0,2077734.0,8976371.0,1304359.0,
RB.SHF,20210122,4369.0,4320.0,4367.0,4387.0,4280.0,4294.0,4332.0,-26.0,12.0,1858367.0,8050814.0,1236925.0,
RB.SHF,20210125,4294.0,4332.0,4280.0,4352.0,4245.0,4321.0,4299.0,-11.0,-33.0,2167772.0,9320849.0,1243903.0,
RB.SHF,20210126,4321.0,4299.0,4320.0,4362.0,4296.0,4303.0,4325.0,4.0,26.0,1609339.0,6960957.39,1266940.0,
RB.SHF,20210127,4303.0,4325.0,4314.0,4398.0,4291.0,4385.0,4349.0,60.0,24.0,1878084.0,8168006.863,1348252.0,
RB.SHF,20210128,4385.0,4349.0,4373.0,4381.0,4275.0,4275.0,4327.0,-74.0,-22.0,2052146.0,8879816.345,1192387.0,
RB.SHF,20210129,4275.0,4327.0,4265.0,4307.0,4219.0,4267.0,4270.0,-60.0,-57.0,1893215.0,8085365.0,1173970.0,
RB.SHF,20210201,4267.0,4270.0,4273.0,4303.0,4211.0,4221.0,4248.0,-49.0,-22.0,1588518.0,6748193.0,1215897.0,
RB.SHF,20210202,4221.0,4248.0,4225.0,4242.0,4128.0,4154.0,4184.0,-94.0,-64.0,1868757.0,7820524.0,1272168.0,
RB.SHF,20210203,4154.0,4184.0,4162.0,4200.0,4132.0,4175.0,4165.0,-9.0,-19.0,1400700.0,5834364.0,1238189.0,
RB.SHF,20210204,4175.0,4165.0,4181.0,4249.0,4172.0,4246.0,4216.0,81.0,51.0,1474021.0,6214697.0,1174941.0,
RB.SHF,20210205,4246.0,4216.0,4243.0,4292.0,4226.0,4285.0,4258.0,69.0,42.0,1312422.0,5589104.246,1130483.0,
RB.SHF,20210208,4285.0,4258.0,4291.0,4361.0,4267.0,4335.0,4320.0,77.0,62.0,1238633.0,5351387.0,1134679.0,
RB.SHF,20210209,4335.0,4320.0,4335.0,4420.0,4323.0,4420.0,4370.0,100.0,50.0,1047598.0,4579003.0,1150440.0,
RB.SHF,20210210,4420.0,4370.0,4415.0,4415.0,4351.0,4404.0,4386.0,34.0,16.0,898635.0,3941420.0,1094782.0,
RB.SHF,20210218,4404.0,4386.0,4486.0,4547.0,4468.0,4529.0,4511.0,143.0,125.0,978913.0,4415909.0,1181090.0,
RB.SHF,20210219,4529.0,4511.0,4531.0,4588.0,4479.0,4524.0,4532.0,13.0,21.0,1503027.0,6812609.0,1209469.0,
RB.SHF,20210222,4524.0,4532.0,4524.0,4676.0,4488.0,4582.0,4584.0,50.0,52.0,2081968.0,9545715.0,1205401.0,
RB.SHF,20210223,4582.0,4584.0,4565.0,4628.0,4535.0,4552.0,4581.0,-32.0,-3.0,1457647.0,6677765.0,1213858.0,
RB.SHF,20210224,4552.0,4581.0,4550.0,4619.0,4514.0,4618.0,4571.0,37.0,-10.0,1638383.0,7489324.0,1252201.0,
RB.SHF,20210225,4618.0,4571.0,4615.0,4746.0,4612.0,4686.0,4673.0,115.0,102.0,2078722.0,9715298.0,1264478.0,
RB.SHF,20210226,4686.0,4673.0,4681.0,4725.0,4610.0,4677.0,4671.0,4.0,-2.0,1814382.0,8475801.0,1259695.0,
RB.SHF,20210301,4677.0,4671.0,4655.0,4704.0,4601.0,4639.0,4647.0,-32.0,-24.0,2141292.0,9951887.0,1207873.0,
RB.SHF,20210302,4639.0,4647.0,4639.0,4733.0,4620.0,4732.0,4662.0,85.0,15.0,2176669.0,10149505.0,1277277.0,
RB.SHF,20210303,4732.0,4662.0,4782.0,4924.0,4761.0,4842.0,4844.0,180.0,182.0,3010753.0,14585665.0,1265923.0,
RB.SHF,20210304,4842.0,4844.0,4844.0,4887.0,4822.0,4849.0,4848.0,5.0,4.0,1756663.0,8516591.0,1233841.0,
RB.SHF,20210305,4849.0,4848.0,4822.0,4822.0,4633.0,4696.0,4718.0,-152.0,-130.0,2869471.0,13538927.0,1097841.0,
RB.SHF,20210308,4696.0,4718.0,4701.0,4850.0,4701.0,4752.0,4779.0,34.0,61.0,1947568.0,9307496.0,1105484.0,
RB.SHF,20210309,4752.0,4779.0,4752.0,4796.0,4575.0,4592.0,4712.0,-187.0,-67.0,2416092.0,11386589.0,1072298.0,
RB.SHF,20210310,4592.0,4712.0,4616.0,4636.0,4558.0,4589.0,4597.0,-123.0,-115.0,1983047.0,9117626.0,1061406.0,
RB.SHF,20210311,4589.0,4597.0,4608.0,4704.0,4504.0,4687.0,4594.0,90.0,-3.0,2479092.0,11390832.0,1065287.0,
RB.SHF,20210312,4687.0,4594.0,4729.0,4828.0,4698.0,4729.0,4757.0,135.0,163.0,2730355.0,12990222.0,1053642.0,
RB.SHF,20210315,4729.0,4757.0,4729.0,4790.0,4670.0,4787.0,4723.0,30.0,-34.0,2242762.0,10593729.0,1050050.0,
RB.SHF,20210316,4787.0,4723.0,4788.0,4798.0,4658.0,4701.0,4735.0,-22.0,12.0,2297261.0,10877771.0,983475.0,
RB.SHF,20210317,4701.0,4735.0,4689.0,4794.0,4666.0,4785.0,4738.0,50.0,3.0,1886315.0,8938070.0,1040308.0,
RB.SHF,20210318,4785.0,4738.0,4781.0,4821.0,4728.0,4759.0,4781.0,21.0,43.0,2285393.0,10928647.0,995590.0,
RB.SHF,20210319,4759.0,4781.0,4741.0,4805.0,4721.0,4746.0,4769.0,-35.0,-12.0,2295850.0,10949335.0,966527.0,
RB.SHF,20210322,4746.0,4769.0,4764.0,4903.0,4739.0,4763.0,4800.0,-6.0,31.0,2913208.0,13984373.0,984310.0,
RB.SHF,20210323,4763.0,4800.0,4763.0,4779.0,4643.0,4715.0,4716.0,-85.0,-84.0,2558890.0,12067936.0,957353.0,
RB.SHF,20210324,4715.0,4716.0,4703.0,4819.0,4657.0,4816.0,4733.0,100.0,17.0,2385637.0,11291874.0,996558.0,
RB.SHF,20210325,4816.0,4733.0,4818.0,4843.0,4776.0,4795.0,4802.0,62.0,69.0,1886984.0,9062259.0,937529.0,
RB.SHF,20210326,4795.0,4802.0,4789.0,4943.0,4765.0,4934.0,4847.0,132.0,45.0,2129811.0,10324306.0,1038295.0,
RB.SHF,20210329,4934.0,4847.0,4946.0,5017.0,4920.0,4971.0,4971.0,124.0,124.0,2487470.0,12366984.0,978227.0,
RB.SHF,20210330,4971.0,4971.0,4976.0,4995.0,4937.0,4964.0,4967.0,-7.0,-4.0,1567060.0,7784053.0,859089.0,
RB.SHF,20210331,4964.0,4967.0,4955.0,5032.0,4910.0,4935.0,4956.0,-32.0,-11.0,2185356.0,10832680.781,754275.0,
RB.SHF,20210401,4935.0,4956.0,4941.0,5042.0,4904.0,5003.0,4973.0,47.0,17.0,1382277.0,6874848.814,751539.0,
RB.SHF,20210402,5003.0,4973.0,5030.0,5160.0,5011.0,5157.0,5076.0,184.0,103.0,1629759.0,8273084.414,714857.0,
RB.SHF,20210406,5157.0,5076.0,5163.0,5200.0,5133.0,5180.0,5172.0,104.0,96.0,728002.0,3765502.733,657322.0,
RB.SHF,20210407,5180.0,5139.0,5147.0,5178.0,5057.0,5117.0,5127.0,-22.0,-12.0,2433589.0,12479306.531,1205671.0,
RB.SHF,20210408,5117.0,5127.0,5110.0,5164.0,5056.0,5115.0,5108.0,-12.0,-19.0,2308312.0,11791096.969,1288163.0,
RB.SHF,20210409,5115.0,5108.0,5125.0,5147.0,5041.0,5068.0,5086.0,-40.0,-22.0,2261562.0,11503864.254,1259830.0,
RB.SHF,20210412,5068.0,5086.0,5066.0,5096.0,4937.0,4985.0,4998.0,-101.0,-88.0,2901094.0,14501371.177,1182927.0,
RB.SHF,20210413,4985.0,4998.0,4992.0,5125.0,4985.0,5116.0,5062.0,118.0,64.0,2265296.0,11467613.988,1298437.0,
RB.SHF,20210414,5116.0,5062.0,5151.0,5175.0,5096.0,5116.0,5131.0,54.0,69.0,1968178.0,10100241.719,1344602.0,
RB.SHF,20210415,5116.0,5131.0,5129.0,5165.0,5087.0,5107.0,5123.0,-24.0,-8.0,2177858.0,11159067.731,1334526.0,
RB.SHF,20210416,5107.0,5123.0,5110.0,5195.0,5086.0,5116.0,5131.0,-7.0,8.0,2920906.0,14988438.837,1324562.0,
RB.SHF,20210419,5116.0,5131.0,5122.0,5143.0,5058.0,5082.0,5105.0,-49.0,-26.0,2509136.0,12809659.345,1317620.0,
RB.SHF,20210420,5082.0,5105.0,5091.0,5171.0,5070.0,5165.0,5114.0,60.0,9.0,2137195.0,10929880.199,1425052.0,
RB.SHF,20210421,5165.0,5114.0,5158.0,5189.0,5125.0,5188.0,5158.0,74.0,44.0,2026507.0,10453578.684,1488550.0,
RB.SHF,20210422,5188.0,5158.0,5195.0,5238.0,5175.0,5208.0,5212.0,50.0,54.0,2569897.0,13396793.491,1500543.0,
RB.SHF,20210423,5208.0,5212.0,5225.0,5300.0,5205.0,5299.0,5248.0,87.0,36.0,2115301.0,11101672.14,1629094.0,
RB.SHF,20210426,5299.0,5248.0,5300.0,5475.0,5292.0,5371.0,5382.0,123.0,134.0,3320401.0,17871979.76,1600371.0,
RB.SHF,20210427,5371.0,5382.0,5362.0,5424.0,5362.0,5411.0,5396.0,29.0,14.0,1552404.0,8377671.59,1602700.0,
RB.SHF,20210428,5411.0,5396.0,5411.0,5422.0,5308.0,5358.0,5348.0,-38.0,-48.0,2425402.0,12973088.343,1526948.0,
RB.SHF,20210429,5358.0,5348.0,5329.0,5475.0,5317.0,5452.0,5413.0,104.0,65.0,2790743.0,15107954.533,1626091.0,
RB.SHF,20210430,5452.0,5413.0,5464.0,5487.0,5354.0,5391.0,5418.0,-22.0,5.0,2380525.0,12897838.595,1510979.0,
RB.SHF,20210506,5391.0,5418.0,5520.0,5672.0,5520.0,5665.0,5614.0,247.0,196.0,1811309.0,10169838.027,1567670.0,
RB.SHF,20210507,5665.0,5614.0,5669.0,5698.0,5641.0,5678.0,5672.0,64.0,58.0,1754729.0,9954264.81,1533792.0,
RB.SHF,20210510,5678.0,5672.0,5677.0,6012.0,5643.0,6012.0,5819.0,340.0,147.0,2039444.0,11868993.243,1386351.0,
RB.SHF,20210511,6012.0,5819.0,6113.0,6208.0,5905.0,6086.0,6041.0,267.0,222.0,4185301.0,25284089.89,1232769.0,
RB.SHF,20210512,6086.0,6041.0,6080.0,6200.0,5985.0,6171.0,6093.0,130.0,52.0,2754563.0,16784353.053,1276377.0,
RB.SHF,20210513,6171.0,6093.0,6094.0,6166.0,5800.0,5915.0,6000.0,-178.0,-93.0,4057849.0,24348291.768,1198382.0,
RB.SHF,20210514,5915.0,6000.0,5885.0,5900.0,5640.0,5641.0,5761.0,-359.0,-239.0,3135973.0,18066479.981,1147877.0,
RB.SHF,20210517,5641.0,5761.0,5680.0,5711.0,5509.0,5596.0,5620.0,-165.0,-141.0,3355072.0,18858059.564,1156107.0,
RB.SHF,20210518,5596.0,5620.0,5599.0,5680.0,5575.0,5610.0,5621.0,-10.0,1.0,1901897.0,10690774.482,1174025.0,
RB.SHF,20210519,5610.0,5621.0,5599.0,5600.0,5287.0,5309.0,5444.0,-312.0,-177.0,3005705.0,16364591.822,1209679.0,
RB.SHF,20210520,5309.0,5444.0,5200.0,5274.0,5010.0,5186.0,5150.0,-258.0,-294.0,3714645.0,19131192.059,1162027.0,
RB.SHF,20210521,5186.0,5150.0,5187.0,5238.0,5101.0,5112.0,5158.0,-38.0,8.0,2283610.0,11780175.673,1133681.0,
RB.SHF,20210524,5112.0,5158.0,5100.0,5125.0,4807.0,4974.0,4953.0,-184.0,-205.0,4036879.0,19998000.702,1172165.0,
RB.SHF,20210525,4974.0,4953.0,4976.0,5025.0,4901.0,4919.0,4966.0,-34.0,13.0,2456109.0,12199006.642,1169779.0,
RB.SHF,20210526,4919.0,4966.0,4888.0,4903.0,4661.0,4667.0,4806.0,-299.0,-160.0,3630128.0,17449622.788,1292360.0,
RB.SHF,20210527,4667.0,4806.0,4647.0,4848.0,4626.0,4817.0,4740.0,11.0,-66.0,3189226.0,15118474.681,1177353.0,
RB.SHF,20210528,4817.0,4740.0,4845.0,5004.0,4821.0,4933.0,4907.0,193.0,167.0,3430514.0,16835314.105,1149584.0,
RB.SHF,20210531,4933.0,4907.0,4910.0,5149.0,4887.0,5027.0,5030.0,120.0,123.0,3595560.0,18088538.337,1096371.0,
RB.SHF,20210601,5027.0,5030.0,4972.0,5133.0,4850.0,5128.0,4977.0,98.0,-53.0,3394168.0,16893419.308,1076347.0,
RB.SHF,20210602,5128.0,4977.0,5115.0,5147.0,4976.0,5002.0,5061.0,25.0,84.0,2536533.0,12838948.233,1065129.0,
RB.SHF,20210603,5002.0,5061.0,4981.0,5188.0,4970.0,5148.0,5090.0,87.0,29.0,2797515.0,14241192.113,1102969.0,
RB.SHF,20210604,5148.0,5090.0,5160.0,5275.0,5094.0,5159.0,5175.0,69.0,85.0,3095791.0,16023291.31,1166188.0,
RB.SHF,20210607,5159.0,5175.0,5175.0,5217.0,4955.0,4959.0,5093.0,-216.0,-82.0,2495752.0,12712566.899,1191217.0,
RB.SHF,20210608,4959.0,5093.0,4950.0,5020.0,4903.0,5004.0,4970.0,-89.0,-123.0,2189390.0,10881626.276,1159547.0,
RB.SHF,20210609,5004.0,4970.0,5004.0,5100.0,4977.0,5035.0,5033.0,65.0,63.0,1898245.0,9554146.881,1115774.0,
RB.SHF,20210610,5035.0,5033.0,5040.0,5202.0,5037.0,5168.0,5130.0,135.0,97.0,2386753.0,12245317.781,1282413.0,
RB.SHF,20210611,5168.0,5130.0,5191.0,5330.0,5185.0,5322.0,5245.0,192.0,115.0,2032513.0,10661922.387,1210229.0,
RB.SHF,20210615,5322.0,5245.0,5200.0,5228.0,5110.0,5168.0,5165.0,-77.0,-80.0,1761824.0,9100115.308,1135776.0,
RB.SHF,20210616,5168.0,5165.0,5169.0,5185.0,4996.0,5014.0,5088.0,-151.0,-77.0,1966255.0,10005445.238,1158196.0,
RB.SHF,20210617,5014.0,5088.0,5007.0,5118.0,4973.0,5101.0,5053.0,13.0,-35.0,2171848.0,10975406.051,1160418.0,
RB.SHF,20210618,5101.0,5053.0,5090.0,5177.0,5015.0,5061.0,5104.0,8.0,51.0,2683467.0,13697951.69,1162139.0,
RB.SHF,20210621,5061.0,5104.0,5063.0,5086.0,4885.0,4889.0,4991.0,-215.0,-113.0,2277214.0,11365831.794,1234883.0,
RB.SHF,20210622,4889.0,4991.0,4861.0,4910.0,4820.0,4885.0,4864.0,-106.0,-127.0,1830478.0,8905077.163,1239361.0,
RB.SHF,20210623,4885.0,4864.0,4875.0,4975.0,4846.0,4934.0,4901.0,70.0,37.0,1936375.0,9491432.483,1245383.0,
RB.SHF,20210624,4934.0,4901.0,4951.0,5022.0,4911.0,4933.0,4976.0,32.0,75.0,1770624.0,8811834.146,1190672.0,
RB.SHF,20210625,4933.0,4976.0,4955.0,5087.0,4941.0,5066.0,5021.0,90.0,45.0,1774404.0,8909517.369,1173304.0,
RB.SHF,20210628,5066.0,5021.0,5077.0,5100.0,5005.0,5070.0,5061.0,49.0,40.0,1619350.0,8195656.48,1172323.0,
RB.SHF,20210629,5070.0,5061.0,5100.0,5170.0,5031.0,5036.0,5103.0,-25.0,42.0,1737958.0,8870297.526,1176537.0,
RB.SHF,20210630,5036.0,5103.0,5085.0,5151.0,5057.0,5147.0,5107.0,44.0,4.0,1434058.0,7325024.742,1219369.0,
RB.SHF,20210701,5147.0,5107.0,5156.0,5198.0,5113.0,5146.0,5156.0,39.0,49.0,1419832.0,7321053.156,1229702.0,
RB.SHF,20210702,5146.0,5156.0,5156.0,5180.0,5068.0,5124.0,5115.0,-32.0,-41.0,1643131.0,8405601.144,1197107.0,
RB.SHF,20210705,5124.0,5115.0,5115.0,5226.0,5076.0,5222.0,5153.0,107.0,38.0,1600989.0,8251078.222,1305433.0,
RB.SHF,20210706,5222.0,5153.0,5230.0,5305.0,5220.0,5304.0,5263.0,151.0,110.0,1395330.0,7343899.894,1353475.0,
RB.SHF,20210707,5304.0,5263.0,5312.0,5440.0,5255.0,5439.0,5340.0,176.0,77.0,1950730.0,10417348.936,1521265.0,
RB.SHF,20210708,5439.0,5340.0,5459.0,5474.0,5356.0,5393.0,5410.0,53.0,70.0,1871636.0,10126522.136,1519485.0,
RB.SHF,20210709,5393.0,5410.0,5368.0,5438.0,5280.0,5428.0,5356.0,18.0,-54.0,2140769.0,11467840.012,1536789.0,
RB.SHF,20210712,5428.0,5356.0,5475.0,5532.0,5417.0,5432.0,5465.0,76.0,109.0,1828594.0,9993343.0,1482566.0,
RB.SHF,20210713,5432.0,5465.0,5415.0,5460.0,5381.0,5458.0,5425.0,-7.0,-40.0,1516791.0,8228876.767,1440842.0,
RB.SHF,20210714,5458.0,5425.0,5458.0,5580.0,5440.0,5580.0,5498.0,155.0,73.0,1695714.0,9324686.482,1467966.0,
RB.SHF,20210715,5580.0,5498.0,5568.0,5597.0,5501.0,5546.0,5546.0,48.0,48.0,1584452.0,8788869.128,1397291.0,
RB.SHF,20210716,5546.0,5546.0,5540.0,5579.0,5440.0,5559.0,5525.0,13.0,-21.0,1865007.0,10305358.013,1395450.0,
RB.SHF,20210719,5559.0,5525.0,5580.0,5650.0,5565.0,5568.0,5612.0,43.0,87.0,1558355.0,8746449.332,1380402.0,
RB.SHF,20210720,5568.0,5612.0,5528.0,5635.0,5467.0,5601.0,5546.0,-11.0,-66.0,1672424.0,9276442.401,1399389.0,
RB.SHF,20210721,5601.0,5546.0,5609.0,5648.0,5522.0,5561.0,5587.0,15.0,41.0,1399698.0,7821393.184,1372989.0,
RB.SHF,20210722,5561.0,5587.0,5550.0,5660.0,5481.0,5648.0,5549.0,61.0,-38.0,2184004.0,12120534.742,1435425.0,
RB.SHF,20210723,5648.0,5549.0,5665.0,5693.0,5626.0,5671.0,5662.0,122.0,113.0,1166075.0,6602404.159,1365691.0,
RB.SHF,20210726,5671.0,5662.0,5660.0,5756.0,5622.0,5687.0,5687.0,25.0,25.0,1497934.0,8519838.404,1338751.0,
RB.SHF,20210727,5687.0,5687.0,5680.0,5750.0,5581.0,5613.0,5675.0,-74.0,-12.0,1464049.0,8308672.707,1292319.0,
RB.SHF,20210728,5613.0,5675.0,5599.0,5705.0,5585.0,5658.0,5643.0,-17.0,-32.0,1300624.0,7340606.059,1261899.0,
RB.SHF,20210729,5658.0,5643.0,5660.0,5770.0,5628.0,5753.0,5681.0,110.0,38.0,1209958.0,6874140.752,1271187.0,
RB.SHF,20210730,5753.0,5681.0,5763.0,5793.0,5669.0,5737.0,5732.0,56.0,51.0,1597844.0,9159346.657,1246720.0,
RB.SHF,20210802,5737.0,5732.0,5683.0,5685.0,5367.0,5414.0,5497.0,-318.0,-235.0,2747833.0,15106840.868,1158574.0,
RB.SHF,20210803,5414.0,5497.0,5401.0,5418.0,5238.0,5247.0,5323.0,-250.0,-174.0,1789543.0,9525777.223,1067241.0,
RB.SHF,20210804,5247.0,5323.0,5218.0,5463.0,5218.0,5454.0,5359.0,131.0,36.0,1813894.0,9722239.878,1018127.0,
RB.SHF,20210805,5454.0,5359.0,5454.0,5496.0,5366.0,5373.0,5431.0,14.0,72.0,1588552.0,8627804.492,948427.0,
RB.SHF,20210806,5373.0,5431.0,5360.0,5445.0,5318.0,5379.0,5378.0,-52.0,-53.0,1239190.0,6664905.856,892240.0,
RB.SHF,20210809,5379.0,5378.0,5370.0,5389.0,5261.0,5330.0,5333.0,-48.0,-45.0,1257656.0,6707352.864,866210.0,
RB.SHF,20210810,5330.0,5333.0,5360.0,5445.0,5321.0,5437.0,5379.0,104.0,46.0,1116740.0,6007570.224,809003.0,
RB.SHF,20210811,5437.0,5426.0,5500.0,5600.0,5496.0,5597.0,5556.0,171.0,130.0,1296964.0,7206078.831,961520.0,
RB.SHF,20210812,5597.0,5556.0,5560.0,5589.0,5441.0,5442.0,5531.0,-114.0,-25.0,1676951.0,9275849.856,1030048.0,
RB.SHF,20210813,5442.0,5531.0,5438.0,5502.0,5386.0,5482.0,5442.0,-49.0,-89.0,1791658.0,9751330.752,1066680.0,
RB.SHF,20210816,5482.0,5442.0,5476.0,5498.0,5290.0,5328.0,5390.0,-114.0,-52.0,2471691.0,13324031.742,1108556.0,
RB.SHF,20210817,5328.0,5390.0,5308.0,5383.0,5288.0,5345.0,5342.0,-45.0,-48.0,1524396.0,8143381.004,1123010.0,
RB.SHF,20210818,5345.0,5342.0,5344.0,5363.0,5121.0,5144.0,5219.0,-198.0,-123.0,2805129.0,14641645.39,1240085.0,
RB.SHF,20210819,5144.0,5219.0,5100.0,5126.0,4925.0,5017.0,5017.0,-202.0,-202.0,3342898.0,16774070.126,1252525.0,
RB.SHF,20210820,5017.0,5017.0,4950.0,5125.0,4890.0,5100.0,5024.0,83.0,7.0,2624847.0,13187236.331,1264779.0,
RB.SHF,20210823,5100.0,5024.0,5104.0,5167.0,5063.0,5102.0,5113.0,78.0,89.0,2370091.0,12118907.602,1232528.0,
RB.SHF,20210824,5102.0,5113.0,5139.0,5241.0,5109.0,5235.0,5191.0,122.0,78.0,2174181.0,11286384.664,1187775.0,
RB.SHF,20210825,5235.0,5191.0,5239.0,5279.0,5206.0,5236.0,5240.0,45.0,49.0,1836224.0,9623387.37,1134685.0,
RB.SHF,20210826,5236.0,5240.0,5220.0,5285.0,5104.0,5108.0,5217.0,-132.0,-23.0,2386747.0,12452099.01,1131537.0,
RB.SHF,20210827,5108.0,5217.0,5095.0,5238.0,5068.0,5222.0,5148.0,5.0,-69.0,2267319.0,11674045.604,1124900.0,
RB.SHF,20210830,5222.0,5148.0,5242.0,5374.0,5184.0,5354.0,5291.0,206.0,143.0,2179722.0,11533816.257,1149924.0,
RB.SHF,20210831,5354.0,5291.0,5361.0,5377.0,5287.0,5308.0,5334.0,17.0,43.0,1796956.0,9586527.711,1158510.0,
RB.SHF,20210901,5308.0,5334.0,5298.0,5314.0,5197.0,5242.0,5262.0,-92.0,-72.0,2267865.0,11935683.51,1178109.0,
RB.SHF,20210902,5242.0,5262.0,5245.0,5348.0,5215.0,5273.0,5283.0,11.0,21.0,2821134.0,14904693.23,1147372.0,
RB.SHF,20210903,5273.0,5283.0,5265.0,5449.0,5243.0,5408.0,5381.0,125.0,98.0,2450687.0,13187788.63,1224178.0,
RB.SHF,20210906,5408.0,5381.0,5419.0,5495.0,5370.0,5473.0,5427.0,92.0,46.0,2273077.0,12336789.59,1261350.0,
RB.SHF,20210907,5473.0,5427.0,5480.0,5556.0,5463.0,5494.0,5504.0,67.0,77.0,1962909.0,10805297.84,1248290.0,
RB.SHF,20210908,5494.0,5504.0,5481.0,5488.0,5400.0,5452.0,5439.0,-52.0,-65.0,2116290.0,11511616.86,1211136.0,
RB.SHF,20210909,5452.0,5439.0,5473.0,5693.0,5460.0,5682.0,5567.0,243.0,128.0,2675888.0,14899032.97,1402569.0,
RB.SHF,20210910,5682.0,5567.0,5712.0,5731.0,5606.0,5640.0,5675.0,73.0,108.0,2212851.0,12559086.09,1440779.0,
RB.SHF,20210913,5640.0,5675.0,5640.0,5763.0,5622.0,5642.0,5690.0,-33.0,15.0,2099548.0,11948001.13,1479218.0,
RB.SHF,20210914,5642.0,5690.0,5660.0,5680.0,5486.0,5492.0,5598.0,-198.0,-92.0,2877975.0,16111600.26,1378900.0,
RB.SHF,20210915,5492.0,5598.0,5498.0,5581.0,5417.0,5518.0,5495.0,-80.0,-103.0,2972222.0,16334718.32,1345649.0,
RB.SHF,20210916,5518.0,5495.0,5550.0,5685.0,5531.0,5541.0,5604.0,46.0,109.0,2833032.0,15876817.18,1342319.0,
RB.SHF,20210917,5541.0,5604.0,5557.0,5588.0,5423.0,5478.0,5495.0,-126.0,-109.0,2983056.0,16393196.04,1195609.0,
RB.SHF,20210922,5478.0,5495.0,5500.0,5660.0,5457.0,5656.0,5532.0,161.0,37.0,1948123.0,10777089.46,1264601.0,
RB.SHF,20210923,5656.0,5532.0,5651.0,5688.0,5563.0,5605.0,5627.0,73.0,95.0,2312905.0,13016942.55,1300291.0,
RB.SHF,20210924,5605.0,5627.0,5589.0,5596.0,5441.0,5468.0,5511.0,-159.0,-116.0,2579122.0,14214018.28,1226142.0,
RB.SHF,20210927,5468.0,5511.0,5460.0,5600.0,5384.0,5564.0,5504.0,53.0,-7.0,2602380.0,14325997.61,1208773.0,
RB.SHF,20210928,5564.0,5504.0,5579.0,5640.0,5548.0,5634.0,5597.0,130.0,93.0,1931458.0,10810931.99,1215932.0,
RB.SHF,20210929,5634.0,5597.0,5638.0,5700.0,5581.0,5657.0,5641.0,60.0,44.0,1890899.0,10667842.59,1191708.0,
RB.SHF,20210930,5657.0,5641.0,5635.0,5730.0,5585.0,5706.0,5649.0,65.0,8.0,1968234.0,11119766.21,1172256.0,
RB.SHF,20211008,5706.0,5649.0,5775.0,5843.0,5701.0,5750.0,5765.0,101.0,116.0,1384149.0,7980824.65,1207041.0,
RB.SHF,20211011,5750.0,5765.0,5759.0,5870.0,5738.0,5808.0,5808.0,43.0,43.0,2233485.0,12972257.67,1345601.0,
RB.SHF,20211012,5808.0,5808.0,5803.0,5812.0,5553.0,5562.0,5688.0,-246.0,-120.0,2862726.0,16284945.36,1304162.0,
RB.SHF,20211013,5562.0,5688.0,5534.0,5566.0,5267.0,5421.0,5474.0,-267.0,-214.0,3359719.0,18391396.14,1221213.0,
RB.SHF,20211014,5421.0,5474.0,5423.0,5542.0,5388.0,5465.0,5461.0,-9.0,-13.0,2036258.0,11121873.81,1212392.0,
RB.SHF,20211015,5465.0,5461.0,5470.0,5552.0,5425.0,5515.0,5488.0,54.0,27.0,1740063.0,9550343.57,1168438.0,
RB.SHF,20211018,5515.0,5488.0,5515.0,5532.0,5311.0,5422.0,5424.0,-66.0,-64.0,2607810.0,14146304.75,1167686.0,
RB.SHF,20211019,5422.0,5424.0,5411.0,5570.0,5381.0,5546.0,5461.0,122.0,37.0,2123050.0,11596094.93,1143027.0,
RB.SHF,20211020,5546.0,5461.0,5525.0,5537.0,5302.0,5304.0,5409.0,-157.0,-52.0,2902835.0,15704277.86,1145737.0,
RB.SHF,20211021,5304.0,5409.0,5296.0,5390.0,4976.0,4976.0,5243.0,-433.0,-166.0,3829430.0,20080186.8,1290481.0,
RB.SHF,20211022,4976.0,5243.0,4976.0,5025.0,4757.0,4900.0,4907.0,-343.0,-336.0,4372677.0,21457341.06,1299617.0,
RB.SHF,20211025,4900.0,4907.0,4914.0,4956.0,4820.0,4825.0,4889.0,-82.0,-18.0,3072872.0,15024710.11,1370440.0,
RB.SHF,20211026,4825.0,4889.0,4830.0,4946.0,4778.0,4917.0,4863.0,28.0,-26.0,2990021.0,14541955.77,1356528.0,
RB.SHF,20211027,4917.0,4863.0,4940.0,4977.0,4624.0,4655.0,4773.0,-208.0,-90.0,4087900.0,19514803.14,1371298.0,
RB.SHF,20211028,4655.0,4773.0,4620.0,4864.0,4464.0,4712.0,4609.0,-61.0,-164.0,5031704.0,23194408.82,1280885.0,
RB.SHF,20211029,4712.0,4609.0,4712.0,4793.0,4576.0,4646.0,4690.0,37.0,81.0,3331332.0,15626728.56,1294160.0,
RB.SHF,20211101,4646.0,4690.0,4630.0,4707.0,4477.0,4509.0,4598.0,-181.0,-92.0,2933969.0,13491263.65,1387410.0,
RB.SHF,20211102,4509.0,4598.0,4499.0,4556.0,4230.0,4230.0,4388.0,-368.0,-210.0,3825062.0,16786684.85,1378300.0,
RB.SHF,20211103,4230.0,4388.0,4250.0,4444.0,4233.0,4385.0,4331.0,-3.0,-57.0,3354919.0,14530497.99,1334316.0,
RB.SHF,20211104,4385.0,4331.0,4398.0,4413.0,4142.0,4226.0,4272.0,-105.0,-59.0,3459112.0,14779724.99,1396426.0,
RB.SHF,20211105,4226.0,4272.0,4238.0,4305.0,4122.0,4247.0,4202.0,-25.0,-70.0,3131361.0,13158455.19,1315842.0,
RB.SHF,20211108,4247.0,4202.0,4255.0,4397.0,4215.0,4312.0,4286.0,110.0,84.0,2993817.0,12832000.16,1275004.0,
RB.SHF,20211109,4312.0,4286.0,4290.0,4359.0,4226.0,4257.0,4297.0,-29.0,11.0,2794490.0,12009022.7,1274301.0,
RB.SHF,20211110,4257.0,4297.0,4219.0,4254.0,4026.0,4246.0,4136.0,-51.0,-161.0,3963513.0,16394274.36,1189585.0,
RB.SHF,20211111,4246.0,4136.0,4275.0,4466.0,4236.0,4443.0,4349.0,307.0,213.0,3680862.0,16008078.1,1111300.0,
RB.SHF,20211112,4443.0,4349.0,4425.0,4428.0,4246.0,4249.0,4335.0,-100.0,-14.0,3441240.0,14918678.89,1136389.0,
RB.SHF,20211115,4249.0,4335.0,4195.0,4255.0,4125.0,4138.0,4191.0,-197.0,-144.0,3659782.0,15338441.63,1186129.0,
RB.SHF,20211116,4138.0,4191.0,4153.0,4285.0,4120.0,4128.0,4193.0,-63.0,2.0,3126442.0,13109411.25,1175588.0,
RB.SHF,20211117,4128.0,4193.0,4128.0,4226.0,4107.0,4216.0,4171.0,23.0,-22.0,3162586.0,13193924.48,1099110.0,
RB.SHF,20211118,4216.0,4171.0,4211.0,4237.0,4149.0,4169.0,4195.0,-2.0,24.0,2767255.0,11610890.16,1047299.0,
RB.SHF,20211119,4169.0,4195.0,4160.0,4322.0,4113.0,4285.0,4204.0,90.0,9.0,3324420.0,13977355.82,1020098.0,
RB.SHF,20211122,4285.0,4204.0,4250.0,4385.0,4231.0,4300.0,4319.0,96.0,115.0,2618633.0,11311640.69,993798.0,
RB.SHF,20211123,4300.0,4319.0,4300.0,4444.0,4254.0,4315.0,4361.0,-4.0,42.0,2505650.0,10927497.36,940832.0,
RB.SHF,20211124,4315.0,4361.0,4315.0,4513.0,4315.0,4502.0,4433.0,141.0,72.0,2279227.0,10105034.09,882801.0,
RB.SHF,20211125,4502.0,4433.0,4475.0,4535.0,4428.0,4471.0,4484.0,38.0,51.0,1613432.0,7234791.84,784938.0,
RB.SHF,20211126,4471.0,4251.0,4248.0,4255.0,4100.0,4104.0,4184.0,-147.0,-67.0,2459199.0,10289746.51,1738317.0,
RB.SHF,20211129,4104.0,4184.0,4055.0,4196.0,4050.0,4145.0,4128.0,-39.0,-56.0,2083315.0,8600525.88,1696796.0,
RB.SHF,20211130,4145.0,4128.0,4160.0,4203.0,4078.0,4163.0,4141.0,35.0,13.0,2102255.0,8707319.04,1772171.0,
RB.SHF,20211201,4163.0,4141.0,4165.0,4315.0,4163.0,4306.0,4232.0,165.0,91.0,2311658.0,9783485.98,1801517.0,
RB.SHF,20211202,4306.0,4232.0,4315.0,4370.0,4225.0,4288.0,4296.0,56.0,64.0,2487761.0,10689116.76,1834627.0,
RB.SHF,20211203,4288.0,4296.0,4290.0,4386.0,4275.0,4384.0,4331.0,88.0,35.0,2352415.0,10190478.57,1863221.0,
RB.SHF,20211206,4384.0,4331.0,4408.0,4449.0,4334.0,4359.0,4393.0,28.0,62.0,2090706.0,9185222.46,1874956.0,
RB.SHF,20211207,4359.0,4393.0,4384.0,4496.0,4373.0,4450.0,4439.0,57.0,46.0,2256706.0,10018396.78,1868456.0,
RB.SHF,20211208,4450.0,4439.0,4464.0,4478.0,4346.0,4350.0,4424.0,-89.0,-15.0,2415138.0,10685682.2,1967774.0,
RB.SHF,20211209,4350.0,4424.0,4338.0,4396.0,4271.0,4293.0,4333.0,-131.0,-91.0,2557982.0,11084703.33,1973781.0,
RB.SHF,20211210,4293.0,4333.0,4279.0,4345.0,4264.0,4322.0,4307.0,-11.0,-26.0,2020021.0,8700528.53,1934030.0,
RB.SHF,20211213,4322.0,4307.0,4322.0,4417.0,4280.0,4415.0,4346.0,108.0,39.0,2231172.0,9698896.61,1988270.0,
RB.SHF,20211214,4415.0,4346.0,4413.0,4429.0,4352.0,4382.0,4394.0,36.0,48.0,1646029.0,7233286.86,1920239.0,
RB.SHF,20211215,4382.0,4394.0,4383.0,4468.0,4368.0,4441.0,4421.0,47.0,27.0,1906505.0,8429148.58,2010408.0,
RB.SHF,20211216,4441.0,4421.0,4436.0,4534.0,4428.0,4529.0,4477.0,108.0,56.0,1654291.0,7406356.56,2014297.0,
RB.SHF,20211217,4529.0,4477.0,4529.0,4563.0,4484.0,4505.0,4521.0,28.0,44.0,1582890.0,7157722.61,1995458.0,
RB.SHF,20211220,4505.0,4521.0,4498.0,4595.0,4469.0,4475.0,4537.0,-46.0,16.0,2010427.0,9121453.34,1997807.0,
RB.SHF,20211221,4475.0,4537.0,4485.0,4523.0,4444.0,4473.0,4480.0,-64.0,-57.0,1935240.0,8671228.36,1967053.0,
RB.SHF,20211222,4473.0,4480.0,4480.0,4498.0,4412.0,4438.0,4454.0,-42.0,-26.0,1709898.0,7616052.78,1956678.0,
RB.SHF,20211223,4438.0,4454.0,4429.0,4488.0,4403.0,4479.0,4450.0,25.0,-4.0,1753140.0,7802305.29,1992623.0,
RB.SHF,20211224,4479.0,4450.0,4481.0,4545.0,4479.0,4519.0,4513.0,69.0,63.0,1613379.0,7282712.85,2002893.0,
RB.SHF,20211227,4519.0,4513.0,4510.0,4523.0,4292.0,4307.0,4386.0,-206.0,-127.0,2238448.0,9819075.73,2074674.0,
RB.SHF,20211228,4307.0,4386.0,4318.0,4353.0,4301.0,4319.0,4327.0,-67.0,-59.0,1593516.0,6896259.03,1985941.0,
RB.SHF,20211229,4319.0,4327.0,4319.0,4346.0,4270.0,4315.0,4307.0,-12.0,-20.0,1728554.0,7445575.4,1972822.0,
RB.SHF,20211230,4315.0,4307.0,4321.0,4368.0,4265.0,4282.0,4320.0,-25.0,13.0,1916411.0,8279776.18,1967818.0,
RB.SHF,20211231,4282.0,4320.0,4282.0,4348.0,4267.0,4315.0,4301.0,-5.0,-19.0,1446800.0,6223442.47,1877654.0,
RB.SHF,20220104,4315.0,4301.0,4302.0,4398.0,4291.0,4395.0,4353.0,94.0,52.0,1184617.0,5157583.61,1904095.0,
RB.SHF,20220105,4395.0,4353.0,4400.0,4449.0,4385.0,4444.0,4422.0,91.0,69.0,1277992.0,5651669.5,1903328.0,
RB.SHF,20220106,4444.0,4422.0,4452.0,4505.0,4430.0,4494.0,4471.0,72.0,49.0,1422849.0,6361978.62,1935095.0,
RB.SHF,20220107,4494.0,4471.0,4495.0,4530.0,4455.0,4526.0,4488.0,55.0,17.0,1285819.0,5771502.66,1916326.0,
RB.SHF,20220110,4526.0,4488.0,4525.0,4537.0,4463.0,4492.0,4499.0,4.0,11.0,1133370.0,5100084.8,1890745.0,
RB.SHF,20220111,4492.0,4499.0,4500.0,4590.0,4481.0,4589.0,4527.0,90.0,28.0,1581977.0,7161614.72,2014725.0,
RB.SHF,20220112,4589.0,4527.0,4590.0,4634.0,4570.0,4632.0,4601.0,105.0,74.0,1065702.0,4903652.78,1984861.0,
RB.SHF,20220113,4632.0,4601.0,4632.0,4701.0,4629.0,4633.0,4665.0,32.0,64.0,1371509.0,6398487.51,1991671.0,
RB.SHF,20220114,4633.0,4665.0,4625.0,4679.0,4606.0,4664.0,4648.0,-1.0,-17.0,1153063.0,5359755.31,1945448.0,
RB.SHF,20220117,4664.0,4648.0,4670.0,4690.0,4520.0,4553.0,4587.0,-95.0,-61.0,1781730.0,8173119.32,1927580.0,
RB.SHF,20220118,4553.0,4587.0,4547.0,4619.0,4537.0,4599.0,4575.0,12.0,-12.0,1066625.0,4880311.05,1873336.0,
RB.SHF,20220119,4599.0,4575.0,4630.0,4744.0,4627.0,4713.0,4698.0,138.0,123.0,1617199.0,7599109.71,1932904.0,
RB.SHF,20220120,4713.0,4698.0,4718.0,4742.0,4675.0,4713.0,4706.0,15.0,8.0,1170056.0,5507415.41,1908425.0,
RB.SHF,20220121,4713.0,4706.0,4713.0,4758.0,4680.0,4711.0,4717.0,5.0,11.0,1318370.0,6219220.36,1882937.0,
RB.SHF,20220124,4711.0,4717.0,4720.0,4786.0,4653.0,4665.0,4712.0,-52.0,-5.0,1574388.0,7418918.48,1877729.0,
RB.SHF,20220125,4665.0,4712.0,4660.0,4730.0,4630.0,4722.0,4677.0,10.0,-35.0,1212866.0,5673670.24,1785229.0,
RB.SHF,20220126,4722.0,4677.0,4722.0,4740.0,4635.0,4694.0,4688.0,17.0,11.0,1237281.0,5800500.88,1766393.0,
RB.SHF,20220127,4694.0,4688.0,4697.0,4757.0,4654.0,4673.0,4696.0,-15.0,8.0,1325881.0,6227617.63,1727529.0,
RB.SHF,20220128,4673.0,4696.0,4691.0,4830.0,4681.0,4829.0,4764.0,133.0,68.0,1210006.0,5764565.79,1675744.0,
RB.SHF,20220207,4829.0,4764.0,4875.0,4879.0,4801.0,4847.0,4837.0,83.0,73.0,744755.0,3602803.85,1680665.0,
RB.SHF,20220208,4847.0,4837.0,4839.0,4946.0,4839.0,4912.0,4905.0,75.0,68.0,1186239.0,5818614.05,1749557.0,
RB.SHF,20220209,4912.0,4905.0,4900.0,4935.0,4825.0,4843.0,4881.0,-62.0,-24.0,1324241.0,6464801.98,1785924.0,
RB.SHF,20220210,4843.0,4881.0,4850.0,4967.0,4838.0,4955.0,4906.0,74.0,25.0,1394586.0,6842470.44,1867561.0,
RB.SHF,20220211,4955.0,4906.0,4990.0,5034.0,4902.0,4905.0,4986.0,-1.0,80.0,1470339.0,7331952.6,1895139.0,
RB.SHF,20220214,4905.0,4986.0,4900.0,4910.0,4791.0,4817.0,4862.0,-169.0,-124.0,1874764.0,9116170.34,1888817.0,
RB.SHF,20220215,4817.0,4862.0,4805.0,4816.0,4666.0,4728.0,4744.0,-134.0,-118.0,2124511.0,10079013.32,1921187.0,
RB.SHF,20220216,4728.0,4744.0,4745.0,4834.0,4725.0,4832.0,4780.0,88.0,36.0,1497635.0,7159420.54,1874486.0,
RB.SHF,20220217,4832.0,4780.0,4835.0,4842.0,4684.0,4686.0,4744.0,-94.0,-36.0,2132547.0,10118573.18,1962220.0,
RB.SHF,20220218,4686.0,4744.0,4666.0,4798.0,4659.0,4779.0,4730.0,35.0,-14.0,1578103.0,7465020.79,1929520.0,
RB.SHF,20220221,4779.0,4730.0,4785.0,4848.0,4751.0,4845.0,4788.0,115.0,58.0,1627394.0,7792624.84,1978620.0,
RB.SHF,20220222,4845.0,4788.0,4845.0,4883.0,4723.0,4734.0,4820.0,-54.0,32.0,1766048.0,8513404.2,1980665.0,
RB.SHF,20220223,4734.0,4820.0,4735.0,4818.0,4732.0,4786.0,4775.0,-34.0,-45.0,1506852.0,7196301.65,1966677.0,
RB.SHF,20220224,4786.0,4775.0,4788.0,4808.0,4622.0,4637.0,4704.0,-138.0,-71.0,2257947.0,10622456.6,2081475.0,
RB.SHF,20220225,4637.0,4704.0,4635.0,4666.0,4525.0,4617.0,4603.0,-87.0,-101.0,2155123.0,9920514.26,2108560.0,
RB.SHF,20220228,4617.0,4603.0,4617.0,4706.0,4597.0,4693.0,4662.0,90.0,59.0,1624958.0,7576307.84,2004494.0,
RB.SHF,20220301,4693.0,4662.0,4710.0,4844.0,4710.0,4837.0,4776.0,175.0,114.0,1595430.0,7620476.75,1904382.0,
RB.SHF,20220302,4837.0,4776.0,4850.0,4893.0,4803.0,4860.0,4850.0,84.0,74.0,1480163.0,7179346.61,1874846.0,
RB.SHF,20220303,4860.0,4850.0,4861.0,4943.0,4833.0,4880.0,4886.0,30.0,36.0,1865890.0,9118352.8,1845374.0,
RB.SHF,20220304,4880.0,4886.0,4886.0,4924.0,4842.0,4901.0,4881.0,15.0,-5.0,1661820.0,8112692.45,1804366.0,
RB.SHF,20220307,4901.0,4881.0,4902.0,5096.0,4887.0,5094.0,5014.0,213.0,133.0,1930142.0,9679028.62,1725088.0,
RB.SHF,20220308,5094.0,5014.0,5094.0,5100.0,4900.0,4956.0,4981.0,-58.0,-33.0,2239561.0,11156569.35,1563898.0,
RB.SHF,20220309,4956.0,4981.0,4925.0,5000.0,4855.0,4907.0,4944.0,-74.0,-37.0,1502246.0,7427812.99,1464164.0,
RB.SHF,20220310,4907.0,4944.0,4850.0,4955.0,4822.0,4896.0,4872.0,-48.0,-72.0,1593413.0,7764597.25,1438212.0,
RB.SHF,20220311,4896.0,4872.0,4908.0,4949.0,4847.0,4917.0,4894.0,45.0,22.0,1264426.0,6189346.23,1380899.0,
RB.SHF,20220314,4917.0,4894.0,4872.0,4919.0,4693.0,4695.0,4792.0,-199.0,-102.0,1788603.0,8571348.15,1410730.0,
RB.SHF,20220315,4695.0,4792.0,4694.0,4825.0,4681.0,4753.0,4751.0,-39.0,-41.0,1735203.0,8244332.27,1349633.0,
RB.SHF,20220316,4753.0,4751.0,4730.0,4908.0,4725.0,4904.0,4818.0,153.0,67.0,1363006.0,6568308.26,1330578.0,
RB.SHF,20220317,4904.0,4818.0,4920.0,4946.0,4861.0,4902.0,4904.0,84.0,86.0,1203863.0,5903866.38,1309488.0,
RB.SHF,20220318,4902.0,4904.0,4902.0,4956.0,4890.0,4953.0,4924.0,49.0,20.0,979085.0,4821141.98,1271483.0,
RB.SHF,20220321,4953.0,4924.0,4923.0,4980.0,4862.0,4923.0,4926.0,-1.0,2.0,1214930.0,5985053.46,1269415.0,
RB.SHF,20220322,4923.0,4926.0,4909.0,4955.0,4897.0,4918.0,4932.0,-8.0,6.0,785470.0,3874016.71,1188532.0,
RB.SHF,20220323,4918.0,4932.0,4912.0,4987.0,4866.0,4983.0,4926.0,51.0,-6.0,1044259.0,5145022.75,1208811.0,
RB.SHF,20220324,4983.0,4926.0,4985.0,5014.0,4935.0,4945.0,4976.0,19.0,50.0,940925.0,4682500.17,1081970.0,
RB.SHF,20220325,4945.0,4976.0,4945.0,5018.0,4943.0,5013.0,4979.0,37.0,3.0,803651.0,4002088.16,1012299.0,
RB.SHF,20220328,5013.0,4979.0,4987.0,5074.0,4985.0,5058.0,5031.0,79.0,52.0,753616.0,3792132.62,893420.0,
RB.SHF,20220329,5058.0,4999.0,5032.0,5050.0,4992.0,5012.0,5022.0,13.0,23.0,987028.0,4957685.64,1527965.0,
RB.SHF,20220330,5012.0,5022.0,4976.0,5037.0,4918.0,5034.0,4979.0,12.0,-43.0,1352525.0,6734333.29,1519061.0,
RB.SHF,20220331,5034.0,4979.0,5070.0,5117.0,4997.0,5061.0,5061.0,82.0,82.0,1551132.0,7851802.85,1541215.0,
RB.SHF,20220401,5061.0,5061.0,5063.0,5165.0,5051.0,5160.0,5109.0,99.0,48.0,1276736.0,6523621.56,1639645.0,
RB.SHF,20220406,5160.0,5109.0,5158.0,5190.0,5083.0,5121.0,5133.0,12.0,24.0,1062347.0,5454022.55,1644865.0,
RB.SHF,20220407,5121.0,5133.0,5122.0,5148.0,5034.0,5070.0,5090.0,-63.0,-43.0,1495053.0,7610534.68,1681999.0,
RB.SHF,20220408,5070.0,5090.0,5052.0,5103.0,4953.0,5019.0,5025.0,-71.0,-65.0,1778196.0,8935671.45,1664699.0,
RB.SHF,20220411,5019.0,5025.0,5018.0,5039.0,4859.0,4867.0,4927.0,-158.0,-98.0,1756999.0,8658230.34,1686172.0,
RB.SHF,20220412,4867.0,4927.0,4880.0,5035.0,4872.0,5035.0,4955.0,108.0,28.0,1710656.0,8476688.41,1712979.0,
RB.SHF,20220413,5035.0,4955.0,5036.0,5041.0,4912.0,4915.0,4973.0,-40.0,18.0,1918588.0,9541783.18,1713890.0,
RB.SHF,20220414,4915.0,4973.0,4940.0,5035.0,4931.0,5004.0,4983.0,31.0,10.0,1699571.0,8470152.3,1695968.0,
RB.SHF,20220415,5004.0,4983.0,5000.0,5078.0,4994.0,5049.0,5040.0,66.0,57.0,1457183.0,7344758.66,1721933.0,
RB.SHF,20220418,5049.0,5040.0,5020.0,5088.0,4960.0,5063.0,5033.0,23.0,-7.0,1783175.0,8976286.62,1748021.0,
RB.SHF,20220419,5063.0,5033.0,5080.0,5128.0,5000.0,5011.0,5066.0,-22.0,33.0,2283937.0,11571017.5,1772066.0,
RB.SHF,20220420,5011.0,5066.0,5021.0,5145.0,5015.0,5106.0,5094.0,40.0,28.0,1752642.0,8928129.59,1824534.0,
RB.SHF,20220421,5106.0,5094.0,5117.0,5131.0,5026.0,5058.0,5085.0,-36.0,-9.0,1736150.0,8828480.64,1766237.0,
RB.SHF,20220422,5058.0,5085.0,5065.0,5078.0,4963.0,4964.0,5015.0,-121.0,-70.0,1591861.0,7983691.17,1749223.0,
RB.SHF,20220425,4964.0,5015.0,4960.0,4991.0,4763.0,4778.0,4863.0,-237.0,-152.0,2661872.0,12945656.98,1749194.0,
RB.SHF,20220426,4778.0,4863.0,4800.0,4877.0,4747.0,4829.0,4817.0,-34.0,-46.0,1832418.0,8827518.31,1741533.0,
RB.SHF,20220427,4829.0,4817.0,4849.0,4905.0,4816.0,4864.0,4866.0,47.0,49.0,1914290.0,9315842.3,1752014.0,
RB.SHF,20220428,4864.0,4866.0,4860.0,4873.0,4784.0,4850.0,4831.0,-16.0,-35.0,1892895.0,9145594.48,1745874.0,
RB.SHF,20220429,4850.0,4831.0,4850.0,4926.0,4809.0,4910.0,4863.0,79.0,32.0,1593951.0,7752385.88,1687884.0,
RB.SHF,20220505,4910.0,4863.0,4930.0,4953.0,4866.0,4923.0,4914.0,60.0,51.0,1096034.0,5386583.82,1671713.0,
RB.SHF,20220506,4923.0,4914.0,4923.0,4932.0,4726.0,4734.0,4834.0,-180.0,-80.0,2034752.0,9837690.51,1888415.0,
RB.SHF,20220509,4734.0,4834.0,4734.0,4749.0,4623.0,4654.0,4679.0,-180.0,-155.0,2004662.0,9381346.21,1923461.0,
RB.SHF,20220510,4654.0,4679.0,4630.0,4657.0,4531.0,4607.0,4590.0,-72.0,-89.0,2024014.0,9291822.95,1975489.0,
RB.SHF,20220511,4607.0,4590.0,4614.0,4714.0,4611.0,4681.0,4658.0,91.0,68.0,1540902.0,7178605.87,1932947.0,
RB.SHF,20220512,4681.0,4658.0,4670.0,4731.0,4585.0,4612.0,4656.0,-46.0,-2.0,1899655.0,8845143.9,1933319.0,
RB.SHF,20220513,4612.0,4656.0,4585.0,4690.0,4555.0,4670.0,4615.0,14.0,-41.0,1711214.0,7898641.17,1903090.0,
RB.SHF,20220516,4670.0,4615.0,4666.0,4704.0,4589.0,4679.0,4645.0,64.0,30.0,2012180.0,9348506.83,1949519.0,
RB.SHF,20220517,4679.0,4645.0,4680.0,4696.0,4632.0,4650.0,4666.0,5.0,21.0,1419456.0,6623856.97,1922217.0,
RB.SHF,20220518,4650.0,4666.0,4660.0,4666.0,4531.0,4532.0,4597.0,-134.0,-69.0,1882000.0,8652300.91,2114881.0,
RB.SHF,20220519,4532.0,4597.0,4525.0,4585.0,4461.0,4579.0,4521.0,-18.0,-76.0,2047231.0,9255535.96,2065144.0,
RB.SHF,20220520,4579.0,4521.0,4579.0,4650.0,4558.0,4638.0,4611.0,117.0,90.0,1533538.0,7072243.05,1968756.0,
RB.SHF,20220523,4638.0,4611.0,4629.0,4700.0,4567.0,4604.0,4636.0,-7.0,25.0,2154222.0,9987471.48,1976149.0,
RB.SHF,20220524,4604.0,4636.0,4620.0,4621.0,4456.0,4468.0,4552.0,-168.0,-84.0,1870396.0,8514182.48,2104086.0,
RB.SHF,20220525,4468.0,4552.0,4468.0,4549.0,4444.0,4541.0,4497.0,-11.0,-55.0,2157011.0,9701134.85,2040853.0,
RB.SHF,20220526,4541.0,4497.0,4500.0,4520.0,4427.0,4505.0,4475.0,8.0,-22.0,2591842.0,11598510.33,2113657.0,
RB.SHF,20220527,4505.0,4475.0,4510.0,4604.0,4503.0,4576.0,4561.0,101.0,86.0,1992558.0,9089410.73,1994377.0,
RB.SHF,20220530,4576.0,4561.0,4588.0,4646.0,4580.0,4621.0,4615.0,60.0,54.0,1658750.0,7656287.5,1941132.0,
RB.SHF,20220531,4621.0,4615.0,4621.0,4690.0,4604.0,4684.0,4656.0,69.0,41.0,1562122.0,7273721.32,1887003.0,
RB.SHF,20220601,4684.0,4656.0,4690.0,4729.0,4654.0,4712.0,4694.0,56.0,38.0,1417079.0,6653013.63,1871860.0,
RB.SHF,20220602,4712.0,4694.0,4713.0,4795.0,4687.0,4788.0,4733.0,94.0,39.0,1678060.0,7943900.22,1816719.0,
RB.SHF,20220606,4788.0,4733.0,4798.0,4798.0,4738.0,4750.0,4774.0,17.0,41.0,976089.0,4660127.22,1800987.0,
RB.SHF,20220607,4750.0,4774.0,4750.0,4783.0,4711.0,4719.0,4749.0,-55.0,-25.0,1235198.0,5867056.56,1810732.0,
RB.SHF,20220608,4719.0,4749.0,4706.0,4807.0,4696.0,4795.0,4760.0,46.0,11.0,1705881.0,8121036.95,1823787.0,
RB.SHF,20220609,4795.0,4760.0,4795.0,4827.0,4757.0,4791.0,4793.0,31.0,33.0,1423160.0,6821308.64,1836549.0,
RB.SHF,20220610,4791.0,4793.0,4776.0,4834.0,4741.0,4793.0,4786.0,0.0,-7.0,1694289.0,8109841.95,1887652.0,
RB.SHF,20220613,4793.0,4786.0,4793.0,4793.0,4660.0,4691.0,4716.0,-95.0,-70.0,1768776.0,8341999.95,1829059.0,
RB.SHF,20220614,4691.0,4716.0,4680.0,4726.0,4607.0,4617.0,4661.0,-99.0,-55.0,1731426.0,8071205.67,1783474.0,
RB.SHF,20220615,4617.0,4661.0,4610.0,4635.0,4544.0,4547.0,4594.0,-114.0,-67.0,1899270.0,8725556.88,1776348.0,
RB.SHF,20220616,4547.0,4594.0,4555.0,4601.0,4494.0,4506.0,4548.0,-88.0,-46.0,1692130.0,7696849.4,1806083.0,
RB.SHF,20220617,4506.0,4548.0,4489.0,4489.0,4353.0,4354.0,4413.0,-194.0,-135.0,2532863.0,11178087.58,1852034.0,
RB.SHF,20220620,4354.0,4413.0,4346.0,4365.0,4074.0,4149.0,4187.0,-264.0,-226.0,3395298.0,14218977.45,1921252.0,
RB.SHF,20220621,4149.0,4187.0,4145.0,4256.0,4103.0,4224.0,4187.0,37.0,0.0,2444922.0,10238842.61,1882531.0,
RB.SHF,20220622,4224.0,4187.0,4226.0,4261.0,4092.0,4128.0,4170.0,-59.0,-17.0,2226834.0,9287746.88,1899978.0,
RB.SHF,20220623,4128.0,4170.0,4147.0,4249.0,4115.0,4235.0,4177.0,65.0,7.0,2354370.0,9835888.62,1896277.0,
RB.SHF,20220624,4235.0,4177.0,4260.0,4275.0,4182.0,4189.0,4226.0,12.0,49.0,2063167.0,8719940.71,1900788.0,
RB.SHF,20220627,4189.0,4226.0,4192.0,4300.0,4153.0,4274.0,4244.0,48.0,18.0,1980808.0,8408475.87,1878385.0,
RB.SHF,20220628,4274.0,4244.0,4280.0,4350.0,4250.0,4349.0,4295.0,105.0,51.0,1731054.0,7435369.18,1925971.0,
RB.SHF,20220629,4349.0,4295.0,4350.0,4420.0,4340.0,4360.0,4370.0,65.0,75.0,1941680.0,8486839.37,1917484.0,
RB.SHF,20220630,4360.0,4370.0,4382.0,4408.0,4324.0,4378.0,4375.0,8.0,5.0,2103300.0,9202329.32,1954729.0,
RB.SHF,20220701,4378.0,4375.0,4350.0,4373.0,4258.0,4265.0,4315.0,-110.0,-60.0,2390863.0,10317159.37,1943605.0,
RB.SHF,20220704,4265.0,4315.0,4270.0,4312.0,4150.0,4168.0,4214.0,-147.0,-101.0,1981674.0,8352464.98,1935596.0,
RB.SHF,20220705,4168.0,4214.0,4180.0,4258.0,4116.0,4238.0,4198.0,24.0,-16.0,1965705.0,8252973.36,1945403.0,
RB.SHF,20220706,4238.0,4198.0,4198.0,4247.0,4126.0,4245.0,4180.0,47.0,-18.0,2483205.0,10380557.15,1910606.0,
RB.SHF,20220707,4245.0,4180.0,4250.0,4269.0,4182.0,4209.0,4228.0,29.0,48.0,2336988.0,9881702.93,1964378.0,
RB.SHF,20220708,4209.0,4228.0,4229.0,4279.0,4166.0,4196.0,4220.0,-32.0,-8.0,2033395.0,8581426.46,1977016.0,
RB.SHF,20220711,4196.0,4220.0,4196.0,4246.0,3971.0,4049.0,4084.0,-171.0,-136.0,3063941.0,12515603.37,1966756.0,
RB.SHF,20220712,4049.0,4084.0,4049.0,4069.0,3891.0,3910.0,3997.0,-174.0,-87.0,2511590.0,10040563.5,2002501.0,
RB.SHF,20220713,3910.0,3997.0,3900.0,3941.0,3850.0,3910.0,3892.0,-87.0,-105.0,2455104.0,9557665.05,1977784.0,
RB.SHF,20220714,3910.0,3892.0,3878.0,3919.0,3810.0,3833.0,3868.0,-59.0,-24.0,2705644.0,10466921.3,1917507.0,
RB.SHF,20220715,3833.0,3868.0,3798.0,3798.0,3588.0,3589.0,3704.0,-279.0,-164.0,3298883.0,12220527.01,1970080.0,
RB.SHF,20220718,3589.0,3704.0,3611.0,3795.0,3611.0,3780.0,3710.0,76.0,6.0,2825094.0,10483364.95,1880061.0,
RB.SHF,20220719,3780.0,3710.0,3789.0,3872.0,3748.0,3774.0,3814.0,64.0,104.0,2698472.0,10292509.8,1889735.0,
RB.SHF,20220720,3774.0,3814.0,3767.0,3877.0,3712.0,3830.0,3805.0,16.0,-9.0,2659073.0,10118307.83,1882732.0,
RB.SHF,20220721,3830.0,3805.0,3823.0,3860.0,3771.0,3831.0,3811.0,26.0,6.0,2578896.0,9828411.81,1892537.0,
RB.SHF,20220722,3831.0,3811.0,3800.0,3880.0,3760.0,3863.0,3827.0,52.0,16.0,2100304.0,8039682.22,1889528.0,
RB.SHF,20220725,3863.0,3827.0,3865.0,3900.0,3843.0,3859.0,3875.0,32.0,48.0,1899608.0,7362743.19,1876972.0,
RB.SHF,20220726,3859.0,3875.0,3865.0,3909.0,3798.0,3888.0,3851.0,13.0,-24.0,2220357.0,8551745.46,1889277.0,
RB.SHF,20220727,3888.0,3851.0,3895.0,3934.0,3827.0,3916.0,3885.0,65.0,34.0,2184613.0,8487845.26,1924464.0,
RB.SHF,20220728,3916.0,3885.0,3911.0,4068.0,3878.0,4058.0,3971.0,173.0,86.0,2248033.0,8929163.09,1887291.0,
RB.SHF,20220729,4058.0,3971.0,4030.0,4054.0,3979.0,3996.0,4014.0,25.0,43.0,1827254.0,7335959.43,1859128.0,
RB.SHF,20220801,3996.0,4014.0,4003.0,4133.0,4003.0,4093.0,4084.0,79.0,70.0,2461131.0,10052342.41,1867672.0,
RB.SHF,20220802,4093.0,4084.0,4070.0,4115.0,4013.0,4104.0,4064.0,20.0,-20.0,2177234.0,8850455.02,1847616.0,
RB.SHF,20220803,4104.0,4064.0,4091.0,4145.0,4028.0,4063.0,4097.0,-1.0,33.0,2348397.0,9623105.23,1825651.0,
RB.SHF,20220804,4063.0,4097.0,4075.0,4085.0,3974.0,3980.0,4030.0,-117.0,-67.0,2291892.0,9236841.41,1783755.0,
RB.SHF,20220805,3980.0,4030.0,3978.0,4081.0,3963.0,4036.0,4022.0,6.0,-8.0,1914339.0,7700429.78,1773775.0,
RB.SHF,20220808,4036.0,4022.0,4040.0,4154.0,4022.0,4136.0,4102.0,114.0,80.0,1933791.0,7933091.58,1759184.0,
RB.SHF,20220809,4136.0,4102.0,4130.0,4158.0,4077.0,4089.0,4113.0,-13.0,11.0,1633047.0,6717700.98,1718371.0,
RB.SHF,20220810,4089.0,4113.0,4089.0,4118.0,4047.0,4066.0,4081.0,-47.0,-32.0,1834425.0,7487257.11,1703285.0,
RB.SHF,20220811,4066.0,4081.0,4100.0,4130.0,4032.0,4108.0,4080.0,27.0,-1.0,2228055.0,9092621.22,1688732.0,
RB.SHF,20220812,4108.0,4080.0,4118.0,4153.0,4100.0,4150.0,4127.0,70.0,47.0,1590627.0,6565586.37,1738768.0,
RB.SHF,20220815,4150.0,4127.0,4120.0,4199.0,4095.0,4126.0,4157.0,-1.0,30.0,2399032.0,9973236.47,1746361.0,
RB.SHF,20220816,4126.0,4157.0,4090.0,4183.0,4078.0,4153.0,4138.0,-4.0,-19.0,1502797.0,6219907.78,1732832.0,
RB.SHF,20220817,4153.0,4138.0,4160.0,4174.0,3985.0,3993.0,4087.0,-145.0,-51.0,2155416.0,8809264.52,1659566.0,
RB.SHF,20220818,3993.0,4087.0,4003.0,4075.0,3980.0,4041.0,4030.0,-46.0,-57.0,1958935.0,7896278.06,1659860.0,
RB.SHF,20220819,4041.0,4030.0,4050.0,4062.0,3924.0,3929.0,3998.0,-101.0,-32.0,2162701.0,8648406.08,1514851.0,
RB.SHF,20220822,3929.0,3998.0,3948.0,4027.0,3924.0,4010.0,3986.0,12.0,-12.0,1732096.0,6905493.6,1472526.0,
RB.SHF,20220823,4010.0,3986.0,4005.0,4064.0,3973.0,4052.0,4025.0,66.0,39.0,1237138.0,4980522.89,1411349.0,
RB.SHF,20220824,4052.0,4025.0,4054.0,4094.0,4034.0,4086.0,4064.0,61.0,39.0,1300583.0,5286423.98,1288077.0,
RB.SHF,20220825,4086.0,4064.0,4089.0,4110.0,4043.0,4052.0,4081.0,-12.0,17.0,1324563.0,5405724.58,1165706.0,
RB.SHF,20220826,4052.0,4081.0,4052.0,4112.0,4043.0,4097.0,4078.0,16.0,-3.0,1168595.0,4765545.61,1114193.0,
RB.SHF,20220829,4097.0,4078.0,4105.0,4130.0,3944.0,3965.0,4023.0,-113.0,-55.0,1610705.0,6480109.93,979188.0,
RB.SHF,20220830,3965.0,4023.0,3965.0,3972.0,3861.0,3875.0,3917.0,-148.0,-106.0,1171963.0,4591620.23,870285.0,
RB.SHF,20220831,3875.0,3708.0,3650.0,3704.0,3650.0,3677.0,3680.0,-31.0,-28.0,1401509.0,5158177.59,1589990.0,
RB.SHF,20220901,3677.0,3680.0,3694.0,3729.0,3626.0,3642.0,3686.0,-38.0,6.0,1969194.0,7258477.91,1705345.0,
RB.SHF,20220902,3642.0,3686.0,3628.0,3655.0,3575.0,3637.0,3622.0,-49.0,-64.0,1807756.0,6547794.4,1712615.0,
RB.SHF,20220905,3637.0,3622.0,3650.0,3706.0,3621.0,3691.0,3665.0,69.0,43.0,1715622.0,6288724.13,1652554.0,
RB.SHF,20220906,3691.0,3665.0,3708.0,3709.0,3672.0,3693.0,3692.0,28.0,27.0,1231154.0,4546265.99,1651704.0,
RB.SHF,20220907,3693.0,3692.0,3696.0,3726.0,3651.0,3673.0,3687.0,-19.0,-5.0,1789661.0,6599299.23,1661151.0,
RB.SHF,20220908,3673.0,3687.0,3682.0,3755.0,3670.0,3719.0,3715.0,32.0,28.0,1793055.0,6662603.38,1690538.0,
RB.SHF,20220909,3719.0,3715.0,3730.0,3792.0,3718.0,3791.0,3756.0,76.0,41.0,1378872.0,5179456.8,1652024.0,
RB.SHF,20220913,3791.0,3756.0,3795.0,3807.0,3769.0,3794.0,3790.0,38.0,34.0,875682.0,3319182.13,1648566.0,
RB.SHF,20220914,3794.0,3790.0,3770.0,3778.0,3704.0,3741.0,3737.0,-49.0,-53.0,1528167.0,5711818.25,1682113.0,
RB.SHF,20220915,3741.0,3737.0,3745.0,3789.0,3693.0,3722.0,3747.0,-15.0,10.0,1976576.0,7407421.36,1711041.0,
RB.SHF,20220916,3722.0,3747.0,3710.0,3740.0,3658.0,3686.0,3696.0,-61.0,-51.0,1715119.0,6340550.09,1735896.0,
RB.SHF,20220919,3686.0,3696.0,3689.0,3737.0,3687.0,3696.0,3714.0,0.0,18.0,1476096.0,5483298.88,1685459.0,
RB.SHF,20220920,3696.0,3714.0,3698.0,3726.0,3650.0,3659.0,3690.0,-55.0,-24.0,1744328.0,6437040.08,1708020.0,
RB.SHF,20220921,3659.0,3690.0,3655.0,3685.0,3630.0,3664.0,3656.0,-26.0,-34.0,1573075.0,5751790.96,1739827.0,
RB.SHF,20220922,3664.0,3656.0,3665.0,3768.0,3662.0,3765.0,3718.0,109.0,62.0,1843645.0,6855604.49,1733745.0,
RB.SHF,20220923,3765.0,3718.0,3771.0,3787.0,3748.0,3766.0,3768.0,48.0,50.0,1294449.0,4877494.31,1714891.0,
RB.SHF,20220926,3766.0,3768.0,3736.0,3783.0,3710.0,3765.0,3751.0,-3.0,-17.0,1733812.0,6504513.1,1674462.0,
RB.SHF,20220927,3765.0,3751.0,3775.0,3845.0,3773.0,3837.0,3812.0,86.0,61.0,1813334.0,6913978.14,1749635.0,
RB.SHF,20220928,3837.0,3812.0,3846.0,3856.0,3814.0,3823.0,3831.0,11.0,19.0,1177884.0,4513100.94,1727377.0,
RB.SHF,20220929,3823.0,3831.0,3835.0,3860.0,3806.0,3836.0,3834.0,5.0,3.0,1463427.0,5610964.53,1725569.0,
RB.SHF,20220930,3836.0,3834.0,3836.0,3852.0,3785.0,3799.0,3823.0,-35.0,-11.0,1260768.0,4821154.22,1621968.0,
RB.SHF,20221010,3799.0,3823.0,3825.0,3886.0,3820.0,3875.0,3866.0,52.0,43.0,1060636.0,4100917.02,1663666.0,
RB.SHF,20221011,3875.0,3866.0,3880.0,3893.0,3763.0,3774.0,3819.0,-92.0,-47.0,1685248.0,6437523.46,1697534.0,
RB.SHF,20221012,3774.0,3819.0,3782.0,3790.0,3711.0,3754.0,3742.0,-65.0,-77.0,1723401.0,6449475.42,1653422.0,
RB.SHF,20221013,3754.0,3742.0,3754.0,3785.0,3712.0,3719.0,3746.0,-23.0,4.0,1614102.0,6046898.36,1669890.0,
RB.SHF,20221014,3719.0,3746.0,3707.0,3770.0,3685.0,3759.0,3739.0,13.0,-7.0,1352892.0,5059136.3,1633530.0,
RB.SHF,20221017,3759.0,3739.0,3758.0,3763.0,3655.0,3675.0,3694.0,-64.0,-45.0,1989759.0,7351871.26,1740712.0,
RB.SHF,20221018,3675.0,3694.0,3675.0,3699.0,3636.0,3678.0,3666.0,-16.0,-28.0,1652862.0,6059773.22,1750625.0,
RB.SHF,20221019,3678.0,3666.0,3683.0,3691.0,3632.0,3647.0,3662.0,-19.0,-4.0,1512142.0,5537734.4,1803156.0,
RB.SHF,20221020,3647.0,3662.0,3645.0,3648.0,3588.0,3594.0,3622.0,-68.0,-40.0,2105144.0,7625179.82,1835441.0,
RB.SHF,20221021,3594.0,3622.0,3600.0,3664.0,3589.0,3630.0,3634.0,8.0,12.0,1872506.0,6806189.97,1749107.0,
RB.SHF,20221024,3630.0,3634.0,3629.0,3678.0,3604.0,3622.0,3637.0,-12.0,3.0,1849163.0,6726302.39,1781095.0,
RB.SHF,20221025,3622.0,3637.0,3615.0,3618.0,3561.0,3574.0,3583.0,-63.0,-54.0,1694506.0,6071568.2,1822433.0,
RB.SHF,20221026,3574.0,3583.0,3574.0,3620.0,3555.0,3580.0,3589.0,-3.0,6.0,1549716.0,5563229.46,1785892.0,
RB.SHF,20221027,3580.0,3589.0,3580.0,3622.0,3563.0,3563.0,3591.0,-26.0,2.0,1451705.0,5213662.39,1773458.0,
RB.SHF,20221028,3563.0,3591.0,3558.0,3564.0,3478.0,3490.0,3517.0,-101.0,-74.0,1981946.0,6971175.53,1844304.0,
RB.SHF,20221031,3490.0,3517.0,3490.0,3506.0,3389.0,3397.0,3441.0,-120.0,-76.0,2171777.0,7474546.01,1861216.0,
RB.SHF,20221101,3397.0,3441.0,3391.0,3495.0,3389.0,3485.0,3442.0,44.0,1.0,2077614.0,7153163.85,1789906.0,
RB.SHF,20221102,3485.0,3442.0,3485.0,3515.0,3450.0,3485.0,3478.0,43.0,36.0,2015196.0,7009310.26,1773472.0,
RB.SHF,20221103,3485.0,3478.0,3470.0,3522.0,3461.0,3504.0,3493.0,26.0,15.0,1692427.0,5911830.8,1760124.0,
RB.SHF,20221104,3504.0,3493.0,3491.0,3582.0,3488.0,3562.0,3536.0,69.0,43.0,1960115.0,6931225.82,1719886.0,
RB.SHF,20221107,3562.0,3536.0,3585.0,3607.0,3513.0,3535.0,3551.0,-1.0,15.0,1870515.0,6643249.46,1695884.0,
RB.SHF,20221108,3535.0,3551.0,3540.0,3572.0,3511.0,3571.0,3536.0,20.0,-15.0,1371946.0,4851228.7,1696738.0,
RB.SHF,20221109,3571.0,3536.0,3571.0,3608.0,3566.0,3590.0,3586.0,54.0,50.0,1461441.0,5241584.63,1682606.0,
RB.SHF,20221110,3590.0,3586.0,3580.0,3584.0,3524.0,3538.0,3548.0,-48.0,-38.0,1912637.0,6786917.19,1697396.0,
RB.SHF,20221111,3538.0,3548.0,3522.0,3661.0,3516.0,3637.0,3603.0,89.0,55.0,2247442.0,8099196.02,1651407.0,
RB.SHF,20221114,3637.0,3603.0,3637.0,3695.0,3627.0,3648.0,3659.0,45.0,56.0,1688571.0,6179559.72,1575348.0,
RB.SHF,20221115,3648.0,3659.0,3655.0,3695.0,3644.0,3692.0,3666.0,33.0,7.0,1258019.0,4612813.53,1555797.0,
RB.SHF,20221116,3692.0,3666.0,3700.0,3764.0,3695.0,3742.0,3729.0,76.0,63.0,1575266.0,5874305.63,1539464.0,
RB.SHF,20221117,3742.0,3729.0,3748.0,3752.0,3670.0,3726.0,3704.0,-3.0,-25.0,1681333.0,6229095.61,1451721.0,
RB.SHF,20221118,3726.0,3704.0,3719.0,3736.0,3697.0,3716.0,3715.0,12.0,11.0,1411248.0,5242788.54,1440140.0,
RB.SHF,20221121,3716.0,3715.0,3712.0,3718.0,3631.0,3671.0,3668.0,-44.0,-47.0,1620175.0,5944399.15,1387097.0,
RB.SHF,20221122,3671.0,3668.0,3665.0,3714.0,3661.0,3677.0,3687.0,9.0,19.0,1435117.0,5291642.24,1358722.0,
RB.SHF,20221123,3677.0,3687.0,3660.0,3704.0,3652.0,3691.0,3676.0,4.0,-11.0,1317195.0,4842979.02,1303587.0,
RB.SHF,20221124,3691.0,3676.0,3695.0,3746.0,3677.0,3681.0,3711.0,5.0,35.0,1601967.0,5944992.19,1228892.0,
RB.SHF,20221125,3681.0,3711.0,3680.0,3736.0,3659.0,3736.0,3691.0,25.0,-20.0,1314236.0,4851231.23,1185293.0,
RB.SHF,20221128,3736.0,3691.0,3736.0,3756.0,3711.0,3738.0,3735.0,47.0,44.0,1271967.0,4751932.22,1123090.0,
RB.SHF,20221129,3738.0,3735.0,3750.0,3798.0,3748.0,3765.0,3776.0,30.0,41.0,1276059.0,4819253.82,1027132.0,
RB.SHF,20221130,3765.0,3776.0,3758.0,3765.0,3717.0,3748.0,3745.0,-28.0,-31.0,1108975.0,4153755.99,850445.0,
RB.SHF,20221201,3748.0,3745.0,3756.0,3785.0,3732.0,3752.0,3761.0,7.0,16.0,858843.0,3230628.22,775894.0,
RB.SHF,20221202,3752.0,3739.0,3742.0,3818.0,3726.0,3808.0,3773.0,69.0,34.0,1326667.0,5006036.74,1679372.0,
RB.SHF,20221205,3808.0,3773.0,3805.0,3890.0,3790.0,3804.0,3831.0,31.0,58.0,1735437.0,6649850.07,1723182.0,
RB.SHF,20221206,3804.0,3831.0,3799.0,3825.0,3780.0,3808.0,3803.0,-23.0,-28.0,1189183.0,4522933.59,1753871.0,
RB.SHF,20221207,3808.0,3803.0,3803.0,3838.0,3772.0,3782.0,3810.0,-21.0,7.0,1576075.0,6005342.22,1761581.0,
RB.SHF,20221208,3782.0,3810.0,3781.0,3849.0,3779.0,3839.0,3815.0,29.0,5.0,1176620.0,4489396.8,1757505.0,
RB.SHF,20221209,3839.0,3815.0,3850.0,3960.0,3850.0,3945.0,3909.0,130.0,94.0,1942575.0,7594980.68,1868420.0,
RB.SHF,20221212,3945.0,3909.0,3945.0,3991.0,3917.0,3935.0,3948.0,26.0,39.0,1544896.0,6100150.58,1857069.0,
RB.SHF,20221213,3935.0,3948.0,3935.0,3959.0,3906.0,3937.0,3930.0,-11.0,-18.0,1171180.0,4602770.42,1848719.0,
RB.SHF,20221214,3937.0,3930.0,3933.0,3990.0,3923.0,3986.0,3953.0,56.0,23.0,1500044.0,5929993.67,1910944.0,
RB.SHF,20221215,3986.0,3953.0,3993.0,4085.0,3988.0,4084.0,4031.0,131.0,78.0,1932793.0,7791930.77,2002134.0,
RB.SHF,20221216,4084.0,4031.0,4083.0,4149.0,3972.0,4049.0,4067.0,18.0,36.0,2765803.0,11249830.64,1898413.0,
RB.SHF,20221219,4049.0,4067.0,4041.0,4044.0,3915.0,3927.0,3966.0,-140.0,-101.0,2411668.0,9565316.04,1846442.0,
RB.SHF,20221220,3927.0,3966.0,3927.0,3964.0,3898.0,3939.0,3931.0,-27.0,-35.0,1525034.0,5995086.2,1822179.0,
RB.SHF,20221221,3939.0,3931.0,3950.0,4037.0,3929.0,4034.0,3978.0,103.0,47.0,1489491.0,5925979.56,1904049.0,
RB.SHF,20221222,4034.0,3978.0,4047.0,4047.0,3950.0,3961.0,4000.0,-17.0,22.0,1655882.0,6623732.63,1859635.0,
RB.SHF,20221223,3961.0,4000.0,3966.0,4017.0,3932.0,4005.0,3979.0,5.0,-21.0,1676702.0,6672094.41,1900337.0,
RB.SHF,20221226,4005.0,3979.0,4009.0,4020.0,3940.0,4006.0,3985.0,27.0,6.0,1638853.0,6531055.15,1897487.0,
RB.SHF,20221227,4006.0,3985.0,3999.0,4078.0,3994.0,4066.0,4039.0,81.0,54.0,1413061.0,5708620.72,1932125.0,
RB.SHF,20221228,4066.0,4039.0,4060.0,4075.0,4011.0,4050.0,4045.0,11.0,6.0,1264540.0,5116083.62,1918199.0,
RB.SHF,20221229,4050.0,4045.0,4054.0,4071.0,4000.0,4048.0,4032.0,3.0,-13.0,1603581.0,6466601.08,1895064.0,
RB.SHF,20221230,4048.0,4032.0,4052.0,4125.0,4049.0,4105.0,4087.0,73.0,55.0,1699077.0,6945436.89,1931845.0,
RB.SHF,20230103,4105.0,4087.0,4100.0,4100.0,4016.0,4063.0,4044.0,-24.0,-43.0,1245821.0,5039088.61,1882723.0,
RB.SHF,20230104,4063.0,4044.0,4061.0,4084.0,4010.0,4027.0,4045.0,-17.0,1.0,1383006.0,5594286.79,1874643.0,
RB.SHF,20230105,4027.0,4045.0,4015.0,4024.0,3970.0,4017.0,4001.0,-28.0,-44.0,1522301.0,6091715.22,1825776.0,
RB.SHF,20230106,4017.0,4001.0,4031.0,4122.0,4023.0,4107.0,4070.0,106.0,69.0,1730447.0,7044603.37,1923950.0,
RB.SHF,20230109,4107.0,4070.0,4105.0,4140.0,4072.0,4093.0,4100.0,23.0,30.0,1607579.0,6592262.95,1863784.0,
RB.SHF,20230110,4093.0,4100.0,4103.0,4136.0,4087.0,4124.0,4109.0,24.0,9.0,1083219.0,4451952.43,1930856.0,
RB.SHF,20230111,4124.0,4109.0,4120.0,4172.0,4101.0,4161.0,4136.0,52.0,27.0,1112383.0,4600966.35,1955990.0,
RB.SHF,20230112,4161.0,4136.0,4152.0,4163.0,4091.0,4136.0,4126.0,0.0,-10.0,1318042.0,5439544.03,1867251.0,
RB.SHF,20230113,4136.0,4126.0,4131.0,4186.0,4113.0,4173.0,4154.0,47.0,28.0,1278231.0,5310271.78,1927798.0,
RB.SHF,20230116,4173.0,4154.0,4150.0,4151.0,4081.0,4093.0,4112.0,-61.0,-42.0,1441664.0,5928521.62,1829618.0,
RB.SHF,20230117,4093.0,4112.0,4084.0,4139.0,4065.0,4119.0,4102.0,7.0,-10.0,1025767.0,4208385.68,1844213.0,
RB.SHF,20230118,4119.0,4102.0,4140.0,4176.0,4125.0,4165.0,4155.0,63.0,53.0,899703.0,3738297.86,1856961.0,
RB.SHF,20230119,4165.0,4155.0,4166.0,4200.0,4154.0,4196.0,4180.0,41.0,25.0,914584.0,3822995.06,1854203.0,
RB.SHF,20230120,4196.0,4180.0,4195.0,4196.0,4155.0,4179.0,4176.0,-1.0,-4.0,817918.0,3416414.71,1811643.0,
RB.SHF,20230130,4179.0,4176.0,4230.0,4273.0,4190.0,4201.0,4234.0,25.0,58.0,1048134.0,4438742.09,1882832.0,
RB.SHF,20230131,4201.0,4234.0,4200.0,4218.0,4141.0,4143.0,4181.0,-91.0,-53.0,1119159.0,4679265.949,1953462.0,
RB.SHF,20230201,4143.0,4181.0,4143.0,4178.0,4075.0,4084.0,4123.0,-97.0,-58.0,1500523.0,6187108.47,1994916.0,
RB.SHF,20230202,4084.0,4123.0,4090.0,4135.0,4029.0,4042.0,4088.0,-81.0,-35.0,1540806.0,6299434.01,1967595.0,
RB.SHF,20230203,4042.0,4088.0,4050.0,4059.0,3993.0,4055.0,4031.0,-33.0,-57.0,1340933.0,5406018.3,1962672.0,
RB.SHF,20230206,4055.0,4031.0,4054.0,4084.0,4001.0,4049.0,4037.0,18.0,6.0,1447504.0,5843906.05,1984665.0,
RB.SHF,20230207,4049.0,4037.0,4040.0,4055.0,3978.0,4018.0,4016.0,-19.0,-21.0,1511616.0,6072126.54,1974498.0,
RB.SHF,20230208,4018.0,4016.0,4010.0,4063.0,3984.0,4055.0,4022.0,39.0,6.0,1539318.0,6192552.34,1981288.0,
RB.SHF,20230209,4055.0,4022.0,4052.0,4100.0,4048.0,4085.0,4076.0,63.0,54.0,1157730.0,4718937.71,1979876.0,
RB.SHF,20230210,4085.0,4076.0,4085.0,4096.0,4016.0,4074.0,4058.0,-2.0,-18.0,1582510.0,6422393.65,1933276.0,
RB.SHF,20230213,4074.0,4058.0,4074.0,4080.0,3991.0,3993.0,4031.0,-65.0,-27.0,1552262.0,6258106.48,1942412.0,
RB.SHF,20230214,3993.0,4031.0,3992.0,4046.0,3961.0,4027.0,4006.0,-4.0,-25.0,1585145.0,6351106.12,1911228.0,
RB.SHF,20230215,4027.0,4006.0,4036.0,4088.0,4030.0,4066.0,4061.0,60.0,55.0,1287382.0,5228457.36,1896584.0,
RB.SHF,20230216,4066.0,4061.0,4061.0,4164.0,4052.0,4146.0,4111.0,85.0,50.0,1877414.0,7719656.3,1906154.0,
RB.SHF,20230217,4146.0,4111.0,4155.0,4178.0,4146.0,4167.0,4162.0,56.0,51.0,1091790.0,4545006.2,1946318.0,
RB.SHF,20230220,4167.0,4162.0,4150.0,4194.0,4130.0,4184.0,4167.0,22.0,5.0,1366456.0,5694351.63,1960497.0,
RB.SHF,20230221,4184.0,4167.0,4195.0,4258.0,4191.0,4254.0,4232.0,87.0,65.0,1421583.0,6016384.28,1971804.0,
RB.SHF,20230222,4254.0,4232.0,4228.0,4278.0,4225.0,4237.0,4245.0,5.0,13.0,1444261.0,6131108.04,1974418.0,
RB.SHF,20230223,4237.0,4245.0,4260.0,4289.0,4220.0,4228.0,4261.0,-17.0,16.0,1896147.0,8080155.92,2005676.0,
RB.SHF,20230224,4228.0,4261.0,4227.0,4244.0,4187.0,4224.0,4218.0,-37.0,-43.0,1669416.0,7042838.43,2057187.0,
RB.SHF,20230227,4224.0,4218.0,4200.0,4240.0,4173.0,4191.0,4201.0,-27.0,-17.0,1925170.0,8088495.12,1975574.0,
RB.SHF,20230228,4191.0,4201.0,4190.0,4193.0,4150.0,4174.0,4170.0,-27.0,-31.0,1369701.0,5712525.8,1943334.0,
RB.SHF,20230301,4174.0,4170.0,4175.0,4226.0,4164.0,4216.0,4198.0,46.0,28.0,1533443.0,6438091.4,1983020.0,
RB.SHF,20230302,4216.0,4198.0,4213.0,4236.0,4203.0,4225.0,4219.0,27.0,21.0,993488.0,4192289.85,1971186.0,
RB.SHF,20230303,4225.0,4219.0,4229.0,4278.0,4218.0,4272.0,4249.0,53.0,30.0,1154498.0,4905744.57,1981344.0,
RB.SHF,20230306,4272.0,4249.0,4260.0,4270.0,4175.0,4210.0,4213.0,-39.0,-36.0,1762004.0,7424354.86,1961814.0,
RB.SHF,20230307,4210.0,4213.0,4212.0,4273.0,4199.0,4248.0,4238.0,35.0,25.0,1464187.0,6206648.07,2048392.0,
RB.SHF,20230308,4248.0,4238.0,4249.0,4267.0,4221.0,4249.0,4251.0,11.0,13.0,1058647.0,4500632.45,2048137.0,
RB.SHF,20230309,4249.0,4251.0,4250.0,4322.0,4206.0,4313.0,4256.0,62.0,5.0,2639304.0,11233980.61,2107683.0,
RB.SHF,20230310,4313.0,4256.0,4325.0,4348.0,4303.0,4314.0,4328.0,58.0,72.0,1652266.0,7151500.96,2073405.0,
RB.SHF,20230313,4314.0,4328.0,4327.0,4377.0,4317.0,4371.0,4351.0,43.0,23.0,1525232.0,6637786.22,2073724.0,
RB.SHF,20230314,4371.0,4351.0,4328.0,4401.0,4327.0,4373.0,4372.0,22.0,21.0,1703065.0,7445979.97,1999189.0,
RB.SHF,20230315,4373.0,4372.0,4379.0,4394.0,4318.0,4332.0,4359.0,-40.0,-13.0,1575120.0,6866935.59,1888550.0,
RB.SHF,20230316,4332.0,4359.0,4295.0,4308.0,4197.0,4205.0,4255.0,-154.0,-104.0,2511599.0,10687739.38,1691899.0,
RB.SHF,20230317,4205.0,4255.0,4203.0,4284.0,4185.0,4262.0,4234.0,7.0,-21.0,1812692.0,7675614.54,1645579.0,
RB.SHF,20230320,4262.0,4234.0,4266.0,4279.0,4192.0,4194.0,4233.0,-40.0,-1.0,1524810.0,6455782.85,1614331.0,
RB.SHF,20230321,4194.0,4233.0,4200.0,4223.0,4153.0,4156.0,4188.0,-77.0,-45.0,1435222.0,6012097.87,1583137.0,
RB.SHF,20230322,4156.0,4188.0,4161.0,4195.0,4120.0,4153.0,4154.0,-35.0,-34.0,1641849.0,6820677.81,1498897.0,
RB.SHF,20230323,4153.0,4154.0,4159.0,4181.0,4066.0,4070.0,4125.0,-84.0,-29.0,1805506.0,7448838.54,1528575.0,
RB.SHF,20230324,4070.0,4125.0,4070.0,4125.0,4055.0,4107.0,4085.0,-18.0,-40.0,1463299.0,5977845.15,1461026.0,
RB.SHF,20230327,4107.0,4085.0,4080.0,4129.0,4074.0,4105.0,4105.0,20.0,20.0,1179589.0,4842581.99,1380095.0,
RB.SHF,20230328,4105.0,4105.0,4110.0,4147.0,4095.0,4136.0,4121.0,31.0,16.0,1156760.0,4767340.73,1233806.0,
RB.SHF,20230329,4136.0,4121.0,4141.0,4168.0,4123.0,4151.0,4145.0,30.0,24.0,1055543.0,4376213.16,1123338.0,
RB.SHF,20230330,4151.0,4145.0,4165.0,4178.0,4125.0,4167.0,4151.0,22.0,6.0,1247443.0,5178169.54,1013872.0,
RB.SHF,20230331,4167.0,4151.0,4176.0,4200.0,4153.0,4161.0,4175.0,10.0,24.0,918121.0,3833973.39,906146.0,
RB.SHF,20230403,4161.0,4175.0,4161.0,4166.0,4043.0,4044.0,4108.0,-131.0,-67.0,1081619.0,4443630.73,863464.0,
RB.SHF,20230404,4044.0,4108.0,4042.0,4067.0,4010.0,4018.0,4032.0,-90.0,-76.0,741305.0,2989616.54,767896.0,
RB.SHF,20230406,4018.0,3998.0,3960.0,3979.0,3923.0,3938.0,3950.0,-60.0,-48.0,1066014.0,4211687.99,1442365.0,
RB.SHF,20230407,3938.0,3950.0,3952.0,4008.0,3948.0,3989.0,3983.0,39.0,33.0,1293250.0,5151911.96,1506483.0,
RB.SHF,20230410,3989.0,3983.0,4000.0,4020.0,3881.0,3907.0,3946.0,-76.0,-37.0,1768635.0,6979040.26,1655293.0,
RB.SHF,20230411,3907.0,3946.0,3909.0,3940.0,3868.0,3937.0,3903.0,-9.0,-43.0,1469111.0,5735320.9,1666310.0,
RB.SHF,20230412,3937.0,3903.0,3940.0,3945.0,3890.0,3900.0,3914.0,-3.0,11.0,1205778.0,4719981.03,1720589.0,
RB.SHF,20230413,3900.0,3914.0,3914.0,3915.0,3855.0,3886.0,3881.0,-28.0,-33.0,1637913.0,6357862.87,1748553.0,
RB.SHF,20230414,3886.0,3881.0,3886.0,3948.0,3885.0,3896.0,3916.0,15.0,35.0,1435636.0,5621963.4,1703998.0,
RB.SHF,20230417,3896.0,3916.0,3900.0,3938.0,3873.0,3928.0,3907.0,12.0,-9.0,1636060.0,6392194.71,1742720.0,
RB.SHF,20230418,3928.0,3907.0,3945.0,3981.0,3926.0,3950.0,3952.0,43.0,45.0,1619625.0,6401228.41,1778836.0,
RB.SHF,20230419,3950.0,3952.0,3950.0,3963.0,3910.0,3927.0,3940.0,-25.0,-12.0,1495928.0,5895257.29,1818464.0,
RB.SHF,20230420,3927.0,3940.0,3911.0,3929.0,3868.0,3914.0,3899.0,-26.0,-41.0,1895468.0,7391500.05,1812943.0,
RB.SHF,20230421,3914.0,3899.0,3904.0,3908.0,3809.0,3810.0,3853.0,-89.0,-46.0,1838698.0,7084759.94,1918659.0,
RB.SHF,20230424,3810.0,3853.0,3810.0,3817.0,3690.0,3714.0,3743.0,-139.0,-110.0,2188088.0,8191178.03,2009878.0,
RB.SHF,20230425,3714.0,3743.0,3715.0,3747.0,3680.0,3685.0,3719.0,-58.0,-24.0,1706302.0,6346522.56,2046197.0,
RB.SHF,20230426,3685.0,3719.0,3670.0,3736.0,3662.0,3719.0,3702.0,0.0,-17.0,1771843.0,6560508.6,2010382.0,
RB.SHF,20230427,3719.0,3702.0,3744.0,3759.0,3690.0,3691.0,3728.0,-11.0,26.0,1710699.0,6377604.09,2003400.0,
RB.SHF,20230428,3691.0,3728.0,3691.0,3710.0,3660.0,3660.0,3683.0,-68.0,-45.0,1458191.0,5371300.09,1955066.0,
RB.SHF,20230504,3660.0,3683.0,3650.0,3677.0,3609.0,3615.0,3641.0,-68.0,-42.0,1268068.0,4617920.56,2022762.0,
RB.SHF,20230505,3615.0,3641.0,3610.0,3625.0,3539.0,3622.0,3583.0,-19.0,-58.0,1999125.0,7164654.38,2062499.0,
RB.SHF,20230508,3622.0,3583.0,3611.0,3733.0,3605.0,3732.0,3670.0,149.0,87.0,2562981.0,9408061.14,2103630.0,
RB.SHF,20230509,3732.0,3670.0,3738.0,3743.0,3690.0,3691.0,3720.0,21.0,50.0,1593264.0,5927281.29,2051179.0,
RB.SHF,20230510,3691.0,3720.0,3690.0,3732.0,3666.0,3688.0,3698.0,-32.0,-22.0,1778887.0,6579894.57,2050699.0,
RB.SHF,20230511,3688.0,3698.0,3692.0,3709.0,3591.0,3600.0,3635.0,-98.0,-63.0,2626151.0,9547470.44,2041822.0,
RB.SHF,20230512,3600.0,3635.0,3580.0,3633.0,3562.0,3579.0,3595.0,-56.0,-40.0,1856249.0,6673804.65,1995985.0,
RB.SHF,20230515,3579.0,3595.0,3587.0,3698.0,3587.0,3667.0,3652.0,72.0,57.0,2564799.0,9368332.46,1993296.0,
RB.SHF,20230516,3667.0,3652.0,3680.0,3697.0,3627.0,3640.0,3662.0,-12.0,10.0,1743581.0,6386247.9,2001059.0,
RB.SHF,20230517,3640.0,3662.0,3640.0,3717.0,3636.0,3715.0,3676.0,53.0,14.0,1783507.0,6556609.87,2018915.0,
RB.SHF,20230518,3715.0,3676.0,3718.0,3724.0,3661.0,3687.0,3695.0,11.0,19.0,1720513.0,6358741.79,1990809.0,
RB.SHF,20230519,3687.0,3695.0,3684.0,3695.0,3613.0,3645.0,3655.0,-50.0,-40.0,2021992.0,7391906.89,1932553.0,
RB.SHF,20230522,3645.0,3655.0,3651.0,3675.0,3551.0,3569.0,3609.0,-86.0,-46.0,2274723.0,8210209.05,1967803.0,
RB.SHF,20230523,3569.0,3609.0,3569.0,3621.0,3565.0,3588.0,3592.0,-21.0,-17.0,1840790.0,6612483.75,1928799.0,
RB.SHF,20230524,3588.0,3592.0,3590.0,3595.0,3462.0,3466.0,3521.0,-126.0,-71.0,2270046.0,7993780.58,2055599.0,
RB.SHF,20230525,3466.0,3521.0,3459.0,3477.0,3411.0,3432.0,3440.0,-89.0,-81.0,2220314.0,7639912.37,2085614.0,
RB.SHF,20230526,3432.0,3440.0,3423.0,3510.0,3388.0,3493.0,3447.0,53.0,7.0,2829006.0,9753438.37,2071715.0,
RB.SHF,20230529,3493.0,3447.0,3495.0,3517.0,3463.0,3511.0,3489.0,64.0,42.0,1986052.0,6930425.4,2076395.0,
RB.SHF,20230530,3511.0,3489.0,3510.0,3522.0,3444.0,3460.0,3483.0,-29.0,-6.0,1856823.0,6468184.79,2092489.0,
RB.SHF,20230531,3460.0,3483.0,3460.0,3473.0,3424.0,3463.0,3448.0,-20.0,-35.0,1666251.0,5745931.85,2091644.0,
RB.SHF,20230601,3463.0,3448.0,3455.0,3548.0,3445.0,3546.0,3507.0,98.0,59.0,2124122.0,7449846.24,2057886.0,
RB.SHF,20230602,3546.0,3507.0,3539.0,3631.0,3508.0,3596.0,3563.0,89.0,56.0,2437115.0,8684609.4,1932492.0,
RB.SHF,20230605,3596.0,3563.0,3602.0,3689.0,3598.0,3638.0,3638.0,75.0,75.0,2077583.0,7560046.73,1908666.0,
RB.SHF,20230606,3638.0,3638.0,3638.0,3686.0,3624.0,3641.0,3655.0,3.0,17.0,1651168.0,6035748.85,1880580.0,
RB.SHF,20230607,3641.0,3655.0,3645.0,3664.0,3586.0,3621.0,3631.0,-34.0,-24.0,2087487.0,7580812.22,1881811.0,
RB.SHF,20230608,3621.0,3631.0,3630.0,3678.0,3625.0,3654.0,3652.0,23.0,21.0,1856030.0,6779512.06,1862472.0,
RB.SHF,20230609,3654.0,3652.0,3659.0,3722.0,3656.0,3711.0,3691.0,59.0,39.0,2034193.0,7510017.68,1909178.0,
RB.SHF,20230612,3711.0,3691.0,3711.0,3727.0,3630.0,3652.0,3672.0,-39.0,-19.0,1944009.0,7139099.8,1881702.0,
RB.SHF,20230613,3652.0,3672.0,3652.0,3744.0,3648.0,3741.0,3699.0,69.0,27.0,2062664.0,7630970.3,1957459.0,
RB.SHF,20230614,3741.0,3699.0,3749.0,3763.0,3718.0,3739.0,3738.0,40.0,39.0,1754411.0,6558073.62,1910655.0,
RB.SHF,20230615,3739.0,3738.0,3744.0,3770.0,3713.0,3760.0,3743.0,22.0,5.0,1848995.0,6920994.79,1948226.0,
RB.SHF,20230616,3760.0,3743.0,3764.0,3809.0,3754.0,3799.0,3780.0,56.0,37.0,1666649.0,6301225.95,1975804.0,
RB.SHF,20230619,3799.0,3780.0,3800.0,3815.0,3743.0,3752.0,3776.0,-28.0,-4.0,2146210.0,8104528.05,1897696.0,
RB.SHF,20230620,3752.0,3776.0,3760.0,3770.0,3720.0,3743.0,3745.0,-33.0,-31.0,1639611.0,6140672.33,1871501.0,
RB.SHF,20230621,3743.0,3745.0,3736.0,3744.0,3683.0,3686.0,3713.0,-59.0,-32.0,1937589.0,7195542.34,1789953.0,
RB.SHF,20230626,3686.0,3713.0,3643.0,3672.0,3633.0,3667.0,3652.0,-46.0,-61.0,1275952.0,4659922.2,1799393.0,
RB.SHF,20230627,3667.0,3652.0,3667.0,3744.0,3661.0,3728.0,3703.0,76.0,51.0,1589090.0,5885729.9,1849307.0,
RB.SHF,20230628,3728.0,3703.0,3720.0,3741.0,3691.0,3731.0,3717.0,28.0,14.0,1415176.0,5261144.36,1839521.0,
RB.SHF,20230629,3731.0,3717.0,3722.0,3751.0,3700.0,3723.0,3722.0,6.0,5.0,1741069.0,6481958.06,1800906.0,
RB.SHF,20230630,3723.0,3722.0,3725.0,3777.0,3711.0,3721.0,3746.0,-1.0,24.0,1704726.0,6385997.7,1802556.0,
RB.SHF,20230703,3721.0,3746.0,3718.0,3780.0,3704.0,3767.0,3739.0,21.0,-7.0,2153411.0,8053172.52,1844614.0,
RB.SHF,20230704,3767.0,3739.0,3766.0,3793.0,3751.0,3768.0,3771.0,29.0,32.0,1458155.0,5499748.04,1846276.0,
RB.SHF,20230705,3768.0,3771.0,3768.0,3780.0,3730.0,3751.0,3754.0,-20.0,-17.0,1476438.0,5542610.47,1836969.0,
RB.SHF,20230706,3751.0,3754.0,3742.0,3777.0,3733.0,3758.0,3754.0,4.0,0.0,1407277.0,5283541.84,1825369.0,
RB.SHF,20230707,3758.0,3754.0,3758.0,3770.0,3670.0,3671.0,3729.0,-83.0,-25.0,2169063.0,8090233.2,1860783.0,
RB.SHF,20230710,3671.0,3729.0,3668.0,3709.0,3650.0,3654.0,3679.0,-75.0,-50.0,1632546.0,6006326.05,1823284.0,
RB.SHF,20230711,3654.0,3679.0,3661.0,3698.0,3659.0,3679.0,3677.0,0.0,-2.0,1435227.0,5278640.56,1800885.0,
RB.SHF,20230712,3679.0,3677.0,3685.0,3717.0,3672.0,3716.0,3693.0,39.0,16.0,1405017.0,5189538.24,1794663.0,
RB.SHF,20230713,3716.0,3693.0,3723.0,3732.0,3693.0,3727.0,3715.0,34.0,22.0,1414138.0,5253931.81,1753008.0,
RB.SHF,20230714,3727.0,3715.0,3727.0,3776.0,3726.0,3774.0,3748.0,59.0,33.0,1400123.0,5248399.91,1790969.0,
RB.SHF,20230717,3774.0,3748.0,3778.0,3782.0,3681.0,3687.0,3726.0,-61.0,-22.0,1937196.0,7218522.53,1722852.0,
RB.SHF,20230718,3687.0,3726.0,3691.0,3750.0,3690.0,3749.0,3722.0,23.0,-4.0,1322481.0,4922888.03,1733830.0,
RB.SHF,20230719,3749.0,3722.0,3748.0,3756.0,3705.0,3741.0,3733.0,19.0,11.0,1368317.0,5108028.77,1716805.0,
RB.SHF,20230720,3741.0,3733.0,3747.0,3790.0,3747.0,3784.0,3770.0,51.0,37.0,1876106.0,7073935.19,1862645.0,
RB.SHF,20230721,3784.0,3770.0,3793.0,3825.0,3750.0,3823.0,3779.0,53.0,9.0,2408389.0,9103442.13,1947284.0,
RB.SHF,20230724,3823.0,3779.0,3820.0,3830.0,3787.0,3793.0,3811.0,14.0,32.0,2125369.0,8099995.37,1937737.0,
RB.SHF,20230725,3793.0,3811.0,3807.0,3870.0,3790.0,3857.0,3838.0,46.0,27.0,2164065.0,8307699.73,2033479.0,
RB.SHF,20230726,3857.0,3838.0,3855.0,3877.0,3835.0,3851.0,3854.0,13.0,16.0,1868445.0,7201119.85,2018640.0,
RB.SHF,20230727,3851.0,3854.0,3850.0,3883.0,3839.0,3861.0,3863.0,7.0,9.0,2200065.0,8499217.93,1963212.0,
RB.SHF,20230728,3861.0,3863.0,3854.0,3863.0,3823.0,3851.0,3841.0,-12.0,-22.0,2154425.0,8275878.8,1875583.0,
RB.SHF,20230731,3851.0,3841.0,3851.0,3875.0,3831.0,3847.0,3849.0,6.0,8.0,1874903.0,7218129.09,1840552.0,
RB.SHF,20230801,3847.0,3849.0,3847.0,3876.0,3834.0,3862.0,3858.0,13.0,9.0,1592842.0,6146504.42,1837995.0,
RB.SHF,20230802,3862.0,3858.0,3853.0,3871.0,3800.0,3801.0,3835.0,-57.0,-23.0,2246681.0,8616749.12,1904043.0,
RB.SHF,20230803,3801.0,3835.0,3798.0,3801.0,3724.0,3728.0,3760.0,-107.0,-75.0,2556807.0,9615404.03,1808417.0,
RB.SHF,20230804,3728.0,3760.0,3740.0,3774.0,3732.0,3736.0,3752.0,-24.0,-8.0,1458807.0,5474746.98,1779600.0,
RB.SHF,20230807,3736.0,3752.0,3732.0,3739.0,3706.0,3732.0,3721.0,-20.0,-31.0,1524669.0,5673661.78,1793253.0,
RB.SHF,20230808,3732.0,3721.0,3735.0,3748.0,3686.0,3692.0,3717.0,-29.0,-4.0,1365258.0,5074796.66,1813182.0,
RB.SHF,20230809,3692.0,3717.0,3682.0,3708.0,3663.0,3700.0,3690.0,-17.0,-27.0,1163636.0,4294374.66,1788140.0,
RB.SHF,20230810,3700.0,3690.0,3700.0,3716.0,3664.0,3671.0,3688.0,-19.0,-2.0,1536943.0,5669612.79,1864067.0,
RB.SHF,20230811,3671.0,3688.0,3670.0,3695.0,3652.0,3691.0,3672.0,3.0,-16.0,1646084.0,6045948.13,1813650.0,
RB.SHF,20230814,3691.0,3672.0,3685.0,3691.0,3630.0,3641.0,3657.0,-31.0,-15.0,1428056.0,5222537.96,1860600.0,
RB.SHF,20230815,3641.0,3657.0,3650.0,3698.0,3640.0,3694.0,3665.0,37.0,8.0,1555592.0,5701469.1,1757174.0,
RB.SHF,20230816,3694.0,3665.0,3691.0,3718.0,3686.0,3713.0,3701.0,48.0,36.0,1184152.0,4383017.36,1672597.0,
RB.SHF,20230817,3713.0,3701.0,3713.0,3730.0,3680.0,3726.0,3704.0,25.0,3.0,1377243.0,5102173.92,1604495.0,
RB.SHF,20230818,3726.0,3704.0,3726.0,3739.0,3693.0,3700.0,3718.0,-4.0,14.0,1135837.0,4223671.71,1549204.0,
RB.SHF,20230821,3700.0,3718.0,3700.0,3702.0,3635.0,3666.0,3665.0,-52.0,-53.0,1815011.0,6652358.52,1561469.0,
RB.SHF,20230822,3666.0,3665.0,3671.0,3737.0,3645.0,3723.0,3686.0,58.0,21.0,1720172.0,6341540.58,1451795.0,
RB.SHF,20230823,3723.0,3686.0,3723.0,3755.0,3716.0,3723.0,3734.0,37.0,48.0,1446653.0,5402284.95,1337094.0,
RB.SHF,20230824,3723.0,3734.0,3723.0,3768.0,3687.0,3688.0,3735.0,-46.0,1.0,1436149.0,5364284.41,1279159.0,
RB.SHF,20230825,3688.0,3735.0,3700.0,3735.0,3689.0,3716.0,3714.0,-19.0,-21.0,1254638.0,4659746.87,1212885.0,
RB.SHF,20230828,3716.0,3714.0,3717.0,3743.0,3642.0,3667.0,3693.0,-47.0,-21.0,2237950.0,8265418.84,1239375.0,
RB.SHF,20230829,3667.0,3693.0,3667.0,3705.0,3660.0,3678.0,3678.0,-15.0,-15.0,1295318.0,4764800.86,1120677.0,
RB.SHF,20230830,3678.0,3678.0,3682.0,3717.0,3672.0,3713.0,3693.0,35.0,15.0,1307564.0,4829778.08,1039387.0,
RB.SHF,20230831,3713.0,3693.0,3716.0,3746.0,3714.0,3740.0,3730.0,47.0,37.0,1259752.0,4699059.23,919823.0,
RB.SHF,20230901,3740.0,3730.0,3753.0,3781.0,3732.0,3778.0,3757.0,48.0,27.0,1021715.0,3839444.29,794449.0,
RB.SHF,20230904,3778.0,3757.0,3772.0,3796.0,3758.0,3770.0,3776.0,13.0,19.0,866459.0,3271784.54,718642.0,
RB.SHF,20230905,3770.0,3821.0,3811.0,3839.0,3786.0,3799.0,3816.0,-22.0,-5.0,1017159.0,3882286.61,1457450.0,
RB.SHF,20230906,3799.0,3816.0,3798.0,3828.0,3788.0,3817.0,3811.0,1.0,-5.0,894842.0,3410315.8,1511551.0,
RB.SHF,20230907,3817.0,3811.0,3814.0,3833.0,3765.0,3795.0,3792.0,-16.0,-19.0,1673420.0,6346869.45,1532233.0,
RB.SHF,20230908,3795.0,3792.0,3790.0,3802.0,3711.0,3717.0,3757.0,-75.0,-35.0,1786032.0,6710765.94,1546003.0,
RB.SHF,20230911,3717.0,3757.0,3718.0,3771.0,3707.0,3759.0,3740.0,2.0,-17.0,1503805.0,5625485.99,1530613.0,
RB.SHF,20230912,3759.0,3740.0,3762.0,3800.0,3762.0,3791.0,3782.0,51.0,42.0,1324021.0,5007778.2,1539364.0,
RB.SHF,20230913,3791.0,3782.0,3793.0,3804.0,3745.0,3777.0,3773.0,-5.0,-9.0,1493026.0,5634477.15,1536524.0,
RB.SHF,20230914,3777.0,3773.0,3778.0,3795.0,3759.0,3794.0,3776.0,21.0,3.0,1502575.0,5674560.57,1585958.0,
RB.SHF,20230915,3794.0,3776.0,3809.0,3833.0,3800.0,3824.0,3816.0,48.0,40.0,1543446.0,5891139.95,1669241.0,
RB.SHF,20230918,3824.0,3816.0,3820.0,3846.0,3792.0,3842.0,3820.0,26.0,4.0,1665547.0,6363532.35,1766006.0,
RB.SHF,20230919,3842.0,3820.0,3846.0,3874.0,3830.0,3831.0,3854.0,11.0,34.0,1475760.0,5688477.58,1775340.0,
RB.SHF,20230920,3831.0,3854.0,3834.0,3855.0,3821.0,3842.0,3839.0,-12.0,-15.0,1180974.0,4534730.98,1773099.0,
RB.SHF,20230921,3842.0,3839.0,3847.0,3850.0,3755.0,3762.0,3798.0,-77.0,-41.0,1990053.0,7558820.81,1687100.0,
RB.SHF,20230922,3762.0,3798.0,3752.0,3793.0,3751.0,3779.0,3773.0,-19.0,-25.0,1160111.0,4377617.71,1643925.0,
RB.SHF,20230925,3779.0,3773.0,3786.0,3787.0,3704.0,3716.0,3741.0,-57.0,-32.0,1655226.0,6193788.02,1710023.0,
RB.SHF,20230926,3716.0,3741.0,3716.0,3725.0,3665.0,3675.0,3697.0,-66.0,-44.0,1451253.0,5365717.92,1772900.0,
RB.SHF,20230927,3675.0,3697.0,3679.0,3697.0,3673.0,3682.0,3684.0,-15.0,-13.0,897787.0,3307979.57,1767758.0,
RB.SHF,20230928,3682.0,3684.0,3690.0,3717.0,3684.0,3690.0,3700.0,6.0,16.0,1021754.0,3781502.03,1697143.0,
RB.SHF,20231009,3690.0,3700.0,3670.0,3670.0,3620.0,3638.0,3642.0,-62.0,-58.0,1025556.0,3735376.28,1810235.0,
RB.SHF,20231010,3638.0,3642.0,3638.0,3654.0,3596.0,3610.0,3625.0,-32.0,-17.0,1316197.0,4772423.53,1877432.0,
RB.SHF,20231011,3610.0,3625.0,3616.0,3634.0,3590.0,3619.0,3616.0,-6.0,-9.0,1061811.0,3839935.29,1871876.0,
RB.SHF,20231012,3619.0,3616.0,3619.0,3632.0,3595.0,3627.0,3616.0,11.0,0.0,1253955.0,4535305.71,1900044.0,
RB.SHF,20231013,3627.0,3616.0,3630.0,3652.0,3602.0,3620.0,3619.0,4.0,3.0,1181367.0,4275968.59,1910511.0,
RB.SHF,20231016,3620.0,3619.0,3624.0,3663.0,3592.0,3657.0,3625.0,38.0,6.0,1639211.0,5943749.65,1888586.0,
RB.SHF,20231017,3657.0,3625.0,3658.0,3672.0,3637.0,3647.0,3652.0,22.0,27.0,1068036.0,3900789.03,1870289.0,
RB.SHF,20231018,3647.0,3652.0,3652.0,3660.0,3605.0,3615.0,3634.0,-37.0,-18.0,1361935.0,4950385.29,1951142.0,
RB.SHF,20231019,3615.0,3634.0,3615.0,3650.0,3595.0,3644.0,3624.0,10.0,-10.0,1313338.0,4759752.89,1886883.0,
RB.SHF,20231020,3644.0,3624.0,3650.0,3659.0,3601.0,3610.0,3629.0,-14.0,5.0,1418587.0,5149241.91,1880167.0,
RB.SHF,20231023,3610.0,3629.0,3600.0,3616.0,3558.0,3572.0,3582.0,-57.0,-47.0,1591543.0,5702292.8,1953077.0,
RB.SHF,20231024,3572.0,3582.0,3576.0,3636.0,3572.0,3630.0,3596.0,48.0,14.0,1443112.0,5190079.34,1862178.0,
RB.SHF,20231025,3630.0,3596.0,3645.0,3687.0,3634.0,3673.0,3664.0,77.0,68.0,1688410.0,6187531.08,1781581.0,
RB.SHF,20231026,3673.0,3664.0,3673.0,3688.0,3657.0,3685.0,3670.0,21.0,6.0,1133648.0,4161432.26,1759038.0,
RB.SHF,20231027,3685.0,3670.0,3676.0,3726.0,3666.0,3724.0,3694.0,54.0,24.0,1427073.0,5272979.96,1725232.0,
RB.SHF,20231030,3724.0,3694.0,3720.0,3743.0,3708.0,3740.0,3725.0,46.0,31.0,1066575.0,3973328.04,1709019.0,
RB.SHF,20231031,3740.0,3725.0,3745.0,3748.0,3712.0,3733.0,3729.0,8.0,4.0,1069766.0,3989779.7,1692499.0,
RB.SHF,20231101,3733.0,3729.0,3733.0,3761.0,3723.0,3749.0,3742.0,20.0,13.0,1185467.0,4437134.65,1665545.0,
RB.SHF,20231102,3749.0,3742.0,3756.0,3767.0,3737.0,3756.0,3752.0,14.0,10.0,1009222.0,3786683.98,1658538.0,
RB.SHF,20231103,3756.0,3752.0,3746.0,3813.0,3737.0,3805.0,3783.0,53.0,31.0,1486028.0,5621832.13,1665308.0,
RB.SHF,20231106,3805.0,3783.0,3805.0,3830.0,3791.0,3805.0,3811.0,22.0,28.0,1429910.0,5450280.43,1639478.0,
RB.SHF,20231107,3805.0,3811.0,3800.0,3818.0,3780.0,3791.0,3799.0,-20.0,-12.0,1267602.0,4816189.47,1599081.0,
RB.SHF,20231108,3791.0,3799.0,3780.0,3851.0,3768.0,3848.0,3800.0,49.0,1.0,1511907.0,5745773.04,1645117.0,
RB.SHF,20231109,3848.0,3800.0,3847.0,3879.0,3837.0,3853.0,3854.0,53.0,54.0,1553439.0,5987914.14,1639732.0,
RB.SHF,20231110,3853.0,3854.0,3853.0,3884.0,3849.0,3879.0,3870.0,25.0,16.0,1287764.0,4984770.42,1624456.0,
RB.SHF,20231113,3879.0,3870.0,3873.0,3918.0,3853.0,3872.0,3878.0,2.0,8.0,1676739.0,6503518.5,1590486.0,
RB.SHF,20231114,3872.0,3878.0,3874.0,3881.0,3834.0,3856.0,3857.0,-22.0,-21.0,1331751.0,5136938.73,1582876.0,
RB.SHF,20231115,3856.0,3857.0,3868.0,3962.0,3868.0,3920.0,3923.0,63.0,66.0,2343797.0,9196238.47,1577302.0,
RB.SHF,20231116,3920.0,3923.0,3920.0,3979.0,3893.0,3972.0,3929.0,49.0,6.0,1699371.0,6678515.19,1638080.0,
RB.SHF,20231117,3972.0,3929.0,3982.0,3994.0,3920.0,3929.0,3957.0,0.0,28.0,1588116.0,6284650.13,1578094.0,
RB.SHF,20231120,3929.0,3957.0,3928.0,3995.0,3911.0,3983.0,3952.0,26.0,-5.0,1661591.0,6567158.16,1622470.0,
RB.SHF,20231121,3983.0,3952.0,4000.0,4053.0,3983.0,3983.0,4019.0,31.0,67.0,2030063.0,8158945.03,1628589.0,
RB.SHF,20231122,3983.0,4019.0,3986.0,4017.0,3955.0,4001.0,3986.0,-18.0,-33.0,2020789.0,8056832.99,1599519.0,
RB.SHF,20231123,4001.0,3986.0,4003.0,4016.0,3896.0,3934.0,3950.0,-52.0,-36.0,2420217.0,9559914.74,1472805.0,
RB.SHF,20231124,3934.0,3950.0,3946.0,3981.0,3907.0,3976.0,3937.0,26.0,-13.0,1549819.0,6101658.04,1424684.0,
RB.SHF,20231127,3976.0,3937.0,3979.0,3982.0,3915.0,3959.0,3944.0,22.0,7.0,1793161.0,7072246.29,1326302.0,
RB.SHF,20231128,3959.0,3944.0,3959.0,3959.0,3883.0,3893.0,3918.0,-51.0,-26.0,1814439.0,7109915.26,1160221.0,
RB.SHF,20231129,3893.0,3918.0,3895.0,3927.0,3885.0,3896.0,3904.0,-22.0,-14.0,1202436.0,4694698.63,1035330.0,
RB.SHF,20231130,3896.0,3904.0,3906.0,3923.0,3860.0,3913.0,3886.0,9.0,-18.0,1629253.0,6332657.33,900559.0,
RB.SHF,20231201,3913.0,3886.0,3911.0,3940.0,3890.0,3923.0,3917.0,37.0,31.0,1030167.0,4035815.76,762768.0,
RB.SHF,20231204,3923.0,3917.0,3930.0,3932.0,3866.0,3871.0,3897.0,-46.0,-20.0,857612.0,3342827.16,684740.0,
RB.SHF,20231205,3871.0,3897.0,3862.0,3891.0,3855.0,3870.0,3874.0,-27.0,-23.0,647001.0,2506764.99,620615.0,
RB.SHF,20231206,3870.0,3874.0,3870.0,3923.0,3854.0,3918.0,3883.0,44.0,9.0,655122.0,2544426.28,592003.0,
RB.SHF,20231207,3918.0,3914.0,3953.0,4021.0,3945.0,4011.0,3992.0,97.0,78.0,1040675.0,4154637.23,1313215.0,
RB.SHF,20231208,4011.0,3992.0,4002.0,4060.0,3996.0,4042.0,4035.0,50.0,43.0,937385.0,3782829.41,1371697.0,
RB.SHF,20231211,4042.0,4035.0,4042.0,4076.0,4010.0,4025.0,4037.0,-10.0,2.0,1295013.0,5229118.6,1403548.0,
RB.SHF,20231212,4025.0,4037.0,4023.0,4063.0,4005.0,4060.0,4035.0,23.0,-2.0,1106310.0,4464634.06,1462775.0,
RB.SHF,20231213,4060.0,4035.0,4050.0,4053.0,3931.0,3942.0,3990.0,-93.0,-45.0,1915813.0,7644099.73,1388556.0,
RB.SHF,20231214,3942.0,3990.0,3951.0,3979.0,3920.0,3925.0,3947.0,-65.0,-43.0,1284734.0,5071824.4,1364343.0,
RB.SHF,20231215,3925.0,3947.0,3929.0,3963.0,3896.0,3915.0,3932.0,-32.0,-15.0,1635283.0,6430612.65,1378052.0,
RB.SHF,20231218,3915.0,3932.0,3915.0,3942.0,3892.0,3933.0,3914.0,1.0,-18.0,1387983.0,5433184.49,1385700.0,
RB.SHF,20231219,3933.0,3914.0,3933.0,3950.0,3906.0,3925.0,3930.0,11.0,16.0,1241986.0,4881051.14,1383881.0,
RB.SHF,20231220,3925.0,3930.0,3925.0,3957.0,3918.0,3940.0,3938.0,10.0,8.0,1064645.0,4193581.04,1370546.0,
RB.SHF,20231221,3940.0,3938.0,3940.0,3993.0,3923.0,3988.0,3954.0,50.0,16.0,1382449.0,5467221.66,1419138.0,
RB.SHF,20231222,3988.0,3954.0,3988.0,4029.0,3982.0,4004.0,4002.0,50.0,48.0,1242795.0,4974543.53,1413911.0,
RB.SHF,20231225,4004.0,4002.0,4001.0,4014.0,3981.0,3998.0,3997.0,-4.0,-5.0,1014394.0,4055100.89,1395734.0,
RB.SHF,20231226,3998.0,3997.0,4000.0,4040.0,3997.0,4023.0,4021.0,26.0,24.0,1069379.0,4300139.26,1460390.0,
RB.SHF,20231227,4023.0,4021.0,4023.0,4034.0,3990.0,4023.0,4013.0,2.0,-8.0,1119862.0,4494739.31,1455027.0,
RB.SHF,20231228,4023.0,4013.0,4023.0,4028.0,3982.0,3996.0,4007.0,-17.0,-6.0,1321056.0,5294567.79,1442009.0,
RB.SHF,20231229,3996.0,4007.0,3990.0,4014.0,3976.0,4002.0,4000.0,-5.0,-7.0,1202060.0,4808773.45,1398474.0,
RB.SHF,20240102,4002.0,4000.0,4005.0,4058.0,3983.0,4047.0,4036.0,47.0,36.0,970394.0,3916594.78,1541082.0,
RB.SHF,20240103,4047.0,4036.0,4048.0,4072.0,4040.0,4055.0,4055.0,19.0,19.0,964192.0,3910263.19,1583796.0,
RB.SHF,20240104,4055.0,4055.0,4054.0,4060.0,4028.0,4046.0,4045.0,-9.0,-10.0,1012620.0,4096146.6,1565306.0,
RB.SHF,20240105,4046.0,4045.0,4047.0,4053.0,3971.0,3979.0,4011.0,-66.0,-34.0,1381043.0,5539500.25,1519864.0,
RB.SHF,20240108,3979.0,4011.0,3986.0,3990.0,3937.0,3950.0,3961.0,-61.0,-50.0,1112685.0,4407757.33,1481551.0,
RB.SHF,20240109,3950.0,3961.0,3950.0,3963.0,3935.0,3943.0,3948.0,-18.0,-13.0,904309.0,3571102.63,1500557.0,
RB.SHF,20240110,3943.0,3948.0,3943.0,3946.0,3885.0,3887.0,3914.0,-61.0,-34.0,1306981.0,5116799.31,1555083.0,
RB.SHF,20240111,3887.0,3914.0,3882.0,3931.0,3882.0,3926.0,3907.0,12.0,-7.0,1049723.0,4101936.8,1518301.0,
RB.SHF,20240112,3926.0,3907.0,3926.0,3931.0,3901.0,3902.0,3915.0,-5.0,8.0,946101.0,3704806.71,1518179.0,
RB.SHF,20240115,3902.0,3915.0,3905.0,3920.0,3864.0,3896.0,3892.0,-19.0,-23.0,1337484.0,5206589.4,1534526.0,
RB.SHF,20240116,3896.0,3892.0,3889.0,3907.0,3865.0,3899.0,3884.0,7.0,-8.0,1241142.0,4821749.42,1577068.0,
RB.SHF,20240117,3899.0,3884.0,3913.0,3925.0,3855.0,3858.0,3894.0,-26.0,10.0,1343304.0,5231206.7,1678312.0,
RB.SHF,20240118,3858.0,3894.0,3852.0,3915.0,3841.0,3913.0,3879.0,19.0,-15.0,1671022.0,6483333.43,1624177.0,
RB.SHF,20240119,3913.0,3879.0,3913.0,3920.0,3892.0,3915.0,3907.0,36.0,28.0,938865.0,3668764.87,1589085.0,
RB.SHF,20240122,3915.0,3907.0,3915.0,3930.0,3883.0,3902.0,3908.0,-5.0,1.0,1351690.0,5282840.49,1547107.0,
RB.SHF,20240123,3902.0,3908.0,3904.0,3939.0,3893.0,3932.0,3922.0,24.0,14.0,1025124.0,4021358.89,1512174.0,
RB.SHF,20240124,3932.0,3922.0,3930.0,3955.0,3928.0,3955.0,3940.0,33.0,18.0,863883.0,3404155.09,1504867.0,
RB.SHF,20240125,3955.0,3940.0,3971.0,3989.0,3961.0,3967.0,3974.0,27.0,34.0,1058613.0,4207704.58,1493572.0,
RB.SHF,20240126,3967.0,3974.0,3961.0,3987.0,3959.0,3973.0,3971.0,-1.0,-3.0,911318.0,3619534.87,1498486.0,
RB.SHF,20240129,3973.0,3971.0,3973.0,3992.0,3955.0,3968.0,3973.0,-3.0,2.0,933122.0,3707836.73,1515490.0,
RB.SHF,20240130,3968.0,3973.0,3968.0,3974.0,3912.0,3913.0,3946.0,-60.0,-27.0,1177825.0,4647963.64,1548905.0,
RB.SHF,20240131,3913.0,3946.0,3910.0,3919.0,3867.0,3869.0,3895.0,-77.0,-51.0,1219415.0,4750547.59,1612323.0,
RB.SHF,20240201,3869.0,3895.0,3868.0,3886.0,3855.0,3868.0,3871.0,-27.0,-24.0,985874.0,3816743.08,1668963.0,
RB.SHF,20240202,3868.0,3871.0,3868.0,3877.0,3801.0,3825.0,3836.0,-46.0,-35.0,1622279.0,6223342.94,1764601.0,
RB.SHF,20240205,3825.0,3836.0,3825.0,3855.0,3814.0,3833.0,3838.0,-3.0,2.0,1108800.0,4255636.05,1711481.0,
RB.SHF,20240206,3833.0,3838.0,3828.0,3848.0,3794.0,3836.0,3819.0,-2.0,-19.0,1256479.0,4798616.52,1729234.0,
RB.SHF,20240207,3836.0,3819.0,3835.0,3846.0,3813.0,3840.0,3827.0,21.0,8.0,753136.0,2882932.1,1670548.0,
RB.SHF,20240208,3840.0,3827.0,3841.0,3865.0,3833.0,3854.0,3849.0,27.0,22.0,748877.0,2883024.09,1574632.0,
RB.SHF,20240219,3854.0,3849.0,3877.0,3883.0,3803.0,3808.0,3835.0,-41.0,-14.0,923941.0,3543802.71,1698766.0,
RB.SHF,20240220,3808.0,3835.0,3805.0,3821.0,3751.0,3753.0,3788.0,-82.0,-47.0,1412007.0,5349636.38,1903502.0,
RB.SHF,20240221,3753.0,3788.0,3753.0,3848.0,3734.0,3791.0,3788.0,3.0,0.0,2460300.0,9320612.45,1775444.0,
RB.SHF,20240222,3791.0,3788.0,3782.0,3817.0,3769.0,3797.0,3793.0,9.0,5.0,1443443.0,5475443.52,1821231.0,
RB.SHF,20240223,3797.0,3793.0,3797.0,3814.0,3783.0,3790.0,3798.0,-3.0,5.0,993602.0,3774403.9,1865495.0,
RB.SHF,20240226,3790.0,3798.0,3789.0,3799.0,3740.0,3749.0,3763.0,-49.0,-35.0,1489032.0,5603230.0,1931411.0,
RB.SHF,20240227,3749.0,3763.0,3741.0,3828.0,3738.0,3824.0,3784.0,61.0,21.0,1526868.0,5778861.2,1817302.0,
RB.SHF,20240228,3824.0,3784.0,3822.0,3827.0,3798.0,3810.0,3813.0,26.0,29.0,1104940.0,4213477.84,1832452.0,
RB.SHF,20240229,3810.0,3813.0,3800.0,3816.0,3774.0,3788.0,3795.0,-25.0,-18.0,1593839.0,6049907.99,1840987.0,
RB.SHF,20240301,3788.0,3795.0,3788.0,3809.0,3760.0,3763.0,3788.0,-32.0,-7.0,1307382.0,4953475.26,1907770.0,
RB.SHF,20240304,3763.0,3788.0,3751.0,3776.0,3709.0,3762.0,3742.0,-26.0,-46.0,2064821.0,7728521.92,1995627.0,
RB.SHF,20240305,3762.0,3742.0,3746.0,3768.0,3715.0,3723.0,3738.0,-19.0,-4.0,1476512.0,5520211.64,2105091.0,
RB.SHF,20240306,3723.0,3738.0,3715.0,3722.0,3688.0,3712.0,3707.0,-26.0,-31.0,1491723.0,5530499.45,2154551.0,
RB.SHF,20240307,3712.0,3707.0,3710.0,3733.0,3695.0,3708.0,3714.0,1.0,7.0,1453456.0,5399186.65,2173795.0,
RB.SHF,20240308,3708.0,3714.0,3710.0,3718.0,3681.0,3691.0,3695.0,-23.0,-19.0,1446243.0,5345001.92,2234800.0,
RB.SHF,20240311,3691.0,3695.0,3687.0,3689.0,3604.0,3606.0,3640.0,-89.0,-55.0,1970962.0,7175489.1,2344611.0,
RB.SHF,20240312,3606.0,3640.0,3604.0,3641.0,3596.0,3636.0,3620.0,-4.0,-20.0,1442101.0,5220680.19,2273876.0,
RB.SHF,20240313,3636.0,3620.0,3635.0,3646.0,3577.0,3583.0,3613.0,-37.0,-7.0,1592420.0,5754839.53,2322421.0,
RB.SHF,20240314,3583.0,3613.0,3587.0,3592.0,3505.0,3506.0,3553.0,-107.0,-60.0,2499011.0,8881095.36,2365042.0,
RB.SHF,20240315,3506.0,3553.0,3500.0,3525.0,3484.0,3490.0,3504.0,-63.0,-49.0,2252282.0,7892390.33,2324008.0,
RB.SHF,20240318,3490.0,3504.0,3488.0,3524.0,3414.0,3513.0,3474.0,9.0,-30.0,3569146.0,12400487.18,2233803.0,
RB.SHF,20240319,3513.0,3474.0,3518.0,3578.0,3513.0,3573.0,3545.0,99.0,71.0,2378936.0,8434553.94,2057185.0,
RB.SHF,20240320,3573.0,3545.0,3580.0,3603.0,3558.0,3570.0,3579.0,25.0,34.0,2019844.0,7229866.64,1944955.0,
RB.SHF,20240321,3570.0,3579.0,3569.0,3622.0,3549.0,3616.0,3587.0,37.0,8.0,2105708.0,7554713.85,1816447.0,
RB.SHF,20240322,3616.0,3587.0,3609.0,3630.0,3586.0,3612.0,3612.0,25.0,25.0,1808837.0,6534329.96,1739877.0,
RB.SHF,20240325,3612.0,3612.0,3612.0,3629.0,3570.0,3585.0,3598.0,-27.0,-14.0,1982646.0,7133568.63,1701482.0,
RB.SHF,20240326,3585.0,3598.0,3585.0,3595.0,3496.0,3499.0,3549.0,-99.0,-49.0,2079364.0,7380664.02,1706818.0,
RB.SHF,20240327,3499.0,3549.0,3491.0,3533.0,3477.0,3479.0,3502.0,-70.0,-47.0,2233843.0,7824998.59,1551457.0,
RB.SHF,20240328,3479.0,3502.0,3470.0,3504.0,3441.0,3481.0,3473.0,-21.0,-29.0,2313912.0,8037380.44,1434142.0,
RB.SHF,20240329,3481.0,3473.0,3475.0,3486.0,3405.0,3412.0,3448.0,-61.0,-25.0,2016762.0,6954140.76,1299182.0,
RB.SHF,20240401,3412.0,3448.0,3400.0,3456.0,3368.0,3456.0,3405.0,8.0,-43.0,1627900.0,5544422.74,1142343.0,
RB.SHF,20240402,3456.0,3405.0,3459.0,3493.0,3431.0,3463.0,3463.0,58.0,58.0,1217108.0,4214972.95,1026775.0,
RB.SHF,20240403,3463.0,3512.0,3500.0,3540.0,3462.0,3463.0,3509.0,-49.0,-3.0,1620584.0,5688192.29,1674662.0,
RB.SHF,20240408,3463.0,3509.0,3460.0,3561.0,3446.0,3560.0,3517.0,51.0,8.0,1716178.0,6037050.64,1712789.0,
RB.SHF,20240409,3560.0,3517.0,3558.0,3603.0,3540.0,3594.0,3570.0,77.0,53.0,1882756.0,6722937.64,1713445.0,
RB.SHF,20240410,3594.0,3570.0,3595.0,3608.0,3571.0,3583.0,3586.0,13.0,16.0,1593959.0,5716920.9,1738323.0,
RB.SHF,20240411,3583.0,3586.0,3580.0,3620.0,3566.0,3613.0,3594.0,27.0,8.0,1800637.0,6472447.88,1788118.0,
RB.SHF,20240412,3613.0,3594.0,3615.0,3637.0,3599.0,3628.0,3617.0,34.0,23.0,1440449.0,5211296.28,1790761.0,
RB.SHF,20240415,3628.0,3617.0,3628.0,3641.0,3586.0,3616.0,3611.0,-1.0,-6.0,1807915.0,6529087.91,1804825.0,
RB.SHF,20240416,3616.0,3611.0,3618.0,3635.0,3594.0,3608.0,3612.0,-3.0,1.0,1932383.0,6981692.86,1783614.0,
RB.SHF,20240417,3608.0,3612.0,3606.0,3685.0,3602.0,3682.0,3639.0,70.0,27.0,2046152.0,7446611.49,1822853.0,
RB.SHF,20240418,3682.0,3639.0,3686.0,3705.0,3668.0,3682.0,3686.0,43.0,47.0,1863700.0,6870811.47,1760462.0,
RB.SHF,20240419,3682.0,3686.0,3680.0,3695.0,3661.0,3675.0,3678.0,-11.0,-8.0,1308924.0,4814801.15,1736610.0,
RB.SHF,20240422,3675.0,3678.0,3664.0,3694.0,3651.0,3670.0,3672.0,-8.0,-6.0,1479647.0,5433455.75,1695415.0,
RB.SHF,20240423,3670.0,3672.0,3670.0,3685.0,3635.0,3641.0,3664.0,-31.0,-8.0,1480656.0,5426147.65,1726245.0,
RB.SHF,20240424,3641.0,3664.0,3636.0,3693.0,3631.0,3681.0,3668.0,17.0,4.0,1421565.0,5215258.54,1718813.0,
RB.SHF,20240425,3681.0,3668.0,3680.0,3706.0,3662.0,3669.0,3682.0,1.0,14.0,1606852.0,5917620.34,1703349.0,
RB.SHF,20240426,3669.0,3682.0,3671.0,3690.0,3645.0,3685.0,3670.0,3.0,-12.0,1283568.0,4711362.61,1735237.0,
RB.SHF,20240429,3685.0,3670.0,3680.0,3696.0,3652.0,3675.0,3670.0,5.0,0.0,1461304.0,5364252.66,1728962.0,
RB.SHF,20240430,3675.0,3670.0,3688.0,3710.0,3634.0,3656.0,3670.0,-14.0,0.0,1694316.0,6218705.21,1688963.0,
RB.SHF,20240506,3656.0,3670.0,3672.0,3738.0,3672.0,3735.0,3712.0,65.0,42.0,1265164.0,4697235.71,1820186.0,
RB.SHF,20240507,3735.0,3712.0,3735.0,3744.0,3715.0,3723.0,3729.0,11.0,17.0,994251.0,3707806.37,1822429.0,
RB.SHF,20240508,3723.0,3729.0,3723.0,3732.0,3671.0,3674.0,3702.0,-55.0,-27.0,1441955.0,5339542.93,1842890.0,
RB.SHF,20240509,3674.0,3702.0,3674.0,3691.0,3656.0,3669.0,3674.0,-33.0,-28.0,1296179.0,4762757.15,1883846.0,
RB.SHF,20240510,3669.0,3674.0,3674.0,3679.0,3627.0,3662.0,3652.0,-12.0,-22.0,1591620.0,5813444.31,1890163.0,
RB.SHF,20240513,3662.0,3652.0,3658.0,3688.0,3623.0,3686.0,3655.0,34.0,3.0,1571537.0,5745367.48,1883012.0,
RB.SHF,20240514,3686.0,3655.0,3686.0,3690.0,3624.0,3630.0,3649.0,-25.0,-6.0,1403063.0,5120198.89,1954528.0,
RB.SHF,20240515,3630.0,3649.0,3626.0,3632.0,3607.0,3621.0,3617.0,-28.0,-32.0,1358284.0,4913874.47,1973963.0,
RB.SHF,20240516,3621.0,3617.0,3624.0,3708.0,3614.0,3703.0,3667.0,86.0,50.0,2001330.0,7340591.17,1948433.0,
RB.SHF,20240517,3703.0,3667.0,3700.0,3727.0,3690.0,3716.0,3710.0,49.0,43.0,1539174.0,5711066.96,1910315.0,
RB.SHF,20240520,3716.0,3710.0,3710.0,3759.0,3695.0,3735.0,3730.0,25.0,20.0,1653225.0,6166776.86,1902839.0,
RB.SHF,20240521,3735.0,3730.0,3730.0,3753.0,3722.0,3746.0,3736.0,16.0,6.0,1317680.0,4924049.38,1906958.0,
RB.SHF,20240522,3746.0,3736.0,3746.0,3814.0,3743.0,3800.0,3786.0,64.0,50.0,1955706.0,7404507.74,1991310.0,
RB.SHF,20240523,3800.0,3786.0,3790.0,3806.0,3754.0,3775.0,3781.0,-11.0,-5.0,1545612.0,5845420.03,1887482.0,
RB.SHF,20240524,3775.0,3781.0,3780.0,3803.0,3769.0,3788.0,3786.0,7.0,5.0,1164093.0,4407724.47,1880099.0,
RB.SHF,20240527,3788.0,3786.0,3786.0,3792.0,3745.0,3763.0,3766.0,-23.0,-20.0,1257128.0,4734421.74,1851637.0,
RB.SHF,20240528,3763.0,3766.0,3768.0,3797.0,3738.0,3745.0,3768.0,-21.0,2.0,1352103.0,5095733.87,1818116.0,
RB.SHF,20240529,3745.0,3768.0,3745.0,3757.0,3722.0,3753.0,3740.0,-15.0,-28.0,1281620.0,4793486.3,1806967.0,
RB.SHF,20240530,3753.0,3740.0,3765.0,3820.0,3727.0,3737.0,3773.0,-3.0,33.0,2508872.0,9468005.36,1818782.0,
RB.SHF,20240531,3737.0,3773.0,3735.0,3739.0,3700.0,3706.0,3715.0,-67.0,-58.0,1427259.0,5303129.94,1779867.0,
RB.SHF,20240603,3706.0,3715.0,3706.0,3713.0,3656.0,3665.0,3679.0,-50.0,-36.0,1508167.0,5549431.7,1806122.0,
RB.SHF,20240604,3665.0,3679.0,3665.0,3675.0,3642.0,3646.0,3657.0,-33.0,-22.0,1282722.0,4692103.42,1860282.0,
RB.SHF,20240605,3646.0,3657.0,3636.0,3662.0,3630.0,3632.0,3642.0,-25.0,-15.0,1239456.0,4514596.66,1906987.0,
RB.SHF,20240606,3632.0,3642.0,3637.0,3668.0,3621.0,3665.0,3642.0,23.0,0.0,1785129.0,6501825.14,1908589.0,
RB.SHF,20240607,3665.0,3642.0,3665.0,3689.0,3639.0,3655.0,3662.0,13.0,20.0,1445253.0,5293180.56,1839352.0,
RB.SHF,20240611,3655.0,3662.0,3640.0,3650.0,3591.0,3597.0,3612.0,-65.0,-50.0,1219348.0,4404941.53,1923508.0,
RB.SHF,20240612,3597.0,3612.0,3598.0,3618.0,3588.0,3608.0,3604.0,-4.0,-8.0,991522.0,3573907.6,1938347.0,
RB.SHF,20240613,3608.0,3604.0,3630.0,3639.0,3583.0,3621.0,3611.0,17.0,7.0,1316641.0,4755280.9,1951022.0,
RB.SHF,20240614,3621.0,3611.0,3626.0,3658.0,3625.0,3637.0,3640.0,26.0,29.0,1276433.0,4647267.77,1881475.0,
RB.SHF,20240617,3637.0,3640.0,3637.0,3641.0,3604.0,3613.0,3618.0,-27.0,-22.0,1141437.0,4130650.46,1930901.0,
RB.SHF,20240618,3613.0,3618.0,3609.0,3654.0,3609.0,3618.0,3634.0,0.0,16.0,1363788.0,4956659.93,1892618.0,
RB.SHF,20240619,3618.0,3634.0,3618.0,3650.0,3606.0,3614.0,3628.0,-20.0,-6.0,1370036.0,4971678.94,1924648.0,
RB.SHF,20240620,3614.0,3628.0,3615.0,3636.0,3582.0,3597.0,3606.0,-31.0,-22.0,2149607.0,7753517.22,2016628.0,
RB.SHF,20240621,3597.0,3606.0,3594.0,3615.0,3563.0,3563.0,3586.0,-43.0,-20.0,1429126.0,5125719.82,2130004.0,
RB.SHF,20240624,3563.0,3586.0,3560.0,3565.0,3525.0,3532.0,3543.0,-54.0,-43.0,1205595.0,4271819.37,2171118.0,
RB.SHF,20240625,3532.0,3543.0,3525.0,3546.0,3522.0,3532.0,3533.0,-11.0,-10.0,1007338.0,3559920.37,2168862.0,
RB.SHF,20240626,3532.0,3533.0,3531.0,3567.0,3524.0,3563.0,3543.0,30.0,10.0,1172911.0,4155646.3,2149873.0,
RB.SHF,20240627,3563.0,3543.0,3563.0,3568.0,3535.0,3535.0,3551.0,-8.0,8.0,1051877.0,3736051.73,2177715.0,
RB.SHF,20240628,3535.0,3551.0,3535.0,3553.0,3523.0,3544.0,3537.0,-7.0,-14.0,1178268.0,4168216.76,2193732.0,
RB.SHF,20240701,3544.0,3537.0,3547.0,3566.0,3532.0,3562.0,3549.0,25.0,12.0,1261981.0,4479382.19,2207299.0,
RB.SHF,20240702,3562.0,3549.0,3571.0,3584.0,3551.0,3562.0,3566.0,13.0,17.0,1023302.0,3649507.32,2181825.0,
RB.SHF,20240703,3562.0,3566.0,3565.0,3620.0,3554.0,3619.0,3585.0,53.0,19.0,1621967.0,5815917.91,2097856.0,
RB.SHF,20240704,3619.0,3585.0,3619.0,3629.0,3604.0,3616.0,3616.0,31.0,31.0,1161511.0,4200391.99,2050491.0,
RB.SHF,20240705,3616.0,3616.0,3609.0,3618.0,3551.0,3553.0,3586.0,-63.0,-30.0,1465825.0,5256520.29,2081641.0,
RB.SHF,20240708,3553.0,3586.0,3559.0,3566.0,3501.0,3503.0,3533.0,-83.0,-53.0,1474404.0,5210204.45,2183700.0,
RB.SHF,20240709,3503.0,3533.0,3505.0,3522.0,3494.0,3515.0,3510.0,-18.0,-23.0,1099757.0,3860469.57,2192582.0,
RB.SHF,20240710,3515.0,3510.0,3511.0,3516.0,3471.0,3478.0,3492.0,-32.0,-18.0,1174823.0,4103531.4,2263881.0,
RB.SHF,20240711,3478.0,3492.0,3486.0,3534.0,3478.0,3514.0,3505.0,22.0,13.0,1517698.0,5320741.69,2202912.0,
RB.SHF,20240712,3514.0,3505.0,3517.0,3529.0,3505.0,3523.0,3519.0,18.0,14.0,917664.0,3229262.48,2183643.0,
RB.SHF,20240715,3523.0,3519.0,3523.0,3581.0,3492.0,3551.0,3544.0,32.0,25.0,1893587.0,6712410.01,2100492.0,
RB.SHF,20240716,3551.0,3544.0,3548.0,3558.0,3525.0,3544.0,3541.0,0.0,-3.0,1202701.0,4259710.33,2081726.0,
RB.SHF,20240717,3544.0,3541.0,3538.0,3556.0,3484.0,3487.0,3521.0,-54.0,-20.0,1578526.0,5559065.26,2186809.0,
RB.SHF,20240718,3487.0,3521.0,3482.0,3496.0,3456.0,3492.0,3475.0,-29.0,-46.0,1611544.0,5600581.59,2229663.0,
RB.SHF,20240719,3492.0,3475.0,3480.0,3488.0,3455.0,3479.0,3474.0,4.0,-1.0,1363881.0,4738950.55,2222700.0,
RB.SHF,20240722,3479.0,3474.0,3473.0,3486.0,3441.0,3451.0,3462.0,-23.0,-12.0,1589548.0,5503288.99,2233901.0,
RB.SHF,20240723,3451.0,3462.0,3448.0,3460.0,3396.0,3397.0,3428.0,-65.0,-34.0,1456729.0,4994060.27,2329380.0,
RB.SHF,20240724,3397.0,3428.0,3405.0,3413.0,3384.0,3391.0,3398.0,-37.0,-30.0,1376828.0,4678762.04,2382127.0,
RB.SHF,20240725,3391.0,3398.0,3391.0,3395.0,3309.0,3329.0,3349.0,-69.0,-49.0,1877270.0,6288294.72,2399751.0,
RB.SHF,20240726,3329.0,3349.0,3332.0,3401.0,3330.0,3371.0,3376.0,22.0,27.0,1981217.0,6689435.11,2307823.0,
RB.SHF,20240729,3371.0,3376.0,3371.0,3376.0,3341.0,3363.0,3359.0,-13.0,-17.0,1475836.0,4957723.1,2296842.0,
RB.SHF,20240730,3363.0,3359.0,3374.0,3394.0,3294.0,3301.0,3344.0,-58.0,-15.0,2051883.0,6862755.4,2289134.0,
RB.SHF,20240731,3301.0,3344.0,3301.0,3364.0,3271.0,3326.0,3319.0,-18.0,-25.0,2163118.0,7180236.64,2266687.0,
RB.SHF,20240801,3326.0,3319.0,3346.0,3384.0,3331.0,3355.0,3353.0,36.0,34.0,1582455.0,5307415.01,2226504.0,
RB.SHF,20240802,3355.0,3353.0,3354.0,3382.0,3324.0,3379.0,3353.0,26.0,0.0,1434418.0,4809985.29,2176940.0,
RB.SHF,20240805,3379.0,3353.0,3382.0,3397.0,3336.0,3367.0,3366.0,14.0,13.0,1470364.0,4949311.61,2140088.0,
RB.SHF,20240806,3367.0,3366.0,3350.0,3379.0,3296.0,3306.0,3336.0,-60.0,-30.0,1667829.0,5564722.37,2193394.0,
RB.SHF,20240807,3306.0,3336.0,3305.0,3335.0,3296.0,3304.0,3313.0,-32.0,-23.0,1100349.0,3646338.26,2143920.0,
RB.SHF,20240808,3304.0,3313.0,3306.0,3323.0,3252.0,3254.0,3286.0,-59.0,-27.0,1445782.0,4752069.12,2173101.0,
RB.SHF,20240809,3254.0,3286.0,3260.0,3324.0,3255.0,3277.0,3286.0,-9.0,0.0,1694699.0,5570234.41,2055995.0,
RB.SHF,20240812,3277.0,3286.0,3277.0,3283.0,3206.0,3222.0,3236.0,-64.0,-50.0,1438848.0,4657466.01,2065002.0,
RB.SHF,20240813,3222.0,3236.0,3222.0,3242.0,3159.0,3173.0,3201.0,-63.0,-35.0,1575824.0,5044459.07,2045327.0,
RB.SHF,20240814,3173.0,3201.0,3171.0,3176.0,3056.0,3099.0,3124.0,-102.0,-77.0,2366225.0,7392745.71,1979876.0,
RB.SHF,20240815,3099.0,3124.0,3110.0,3132.0,3069.0,3119.0,3100.0,-5.0,-24.0,2317984.0,7187332.75,1899971.0,
RB.SHF,20240816,3119.0,3100.0,3123.0,3139.0,3075.0,3078.0,3112.0,-22.0,12.0,1799160.0,5600060.34,1872344.0,
RB.SHF,20240819,3078.0,3112.0,3067.0,3159.0,3042.0,3156.0,3112.0,44.0,0.0,2725356.0,8482645.92,1877749.0,
RB.SHF,20240820,3156.0,3112.0,3156.0,3182.0,3134.0,3172.0,3156.0,60.0,44.0,1725185.0,5445833.95,1785676.0,
RB.SHF,20240821,3172.0,3156.0,3189.0,3238.0,3172.0,3235.0,3196.0,79.0,40.0,1604043.0,5127751.08,1725001.0,
RB.SHF,20240822,3235.0,3196.0,3226.0,3233.0,3168.0,3174.0,3204.0,-22.0,8.0,1630527.0,5224872.15,1675988.0,
RB.SHF,20240823,3174.0,3204.0,3175.0,3195.0,3153.0,3154.0,3180.0,-50.0,-24.0,1425130.0,4532233.52,1602633.0,
RB.SHF,20240826,3154.0,3180.0,3161.0,3267.0,3144.0,3264.0,3213.0,84.0,33.0,2099759.0,6748072.5,1565422.0,
RB.SHF,20240827,3264.0,3213.0,3259.0,3289.0,3239.0,3249.0,3257.0,36.0,44.0,1529548.0,4981930.28,1456440.0,
RB.SHF,20240828,3249.0,3257.0,3250.0,3278.0,3248.0,3264.0,3262.0,7.0,5.0,1130551.0,3688969.77,1379700.0,
RB.SHF,20240829,3264.0,3262.0,3260.0,3285.0,3235.0,3259.0,3261.0,-3.0,-1.0,1200943.0,3916471.11,1312947.0,
RB.SHF,20240830,3259.0,3261.0,3252.0,3274.0,3206.0,3222.0,3243.0,-39.0,-18.0,1270467.0,4120178.74,1204109.0,
RB.SHF,20240902,3222.0,3243.0,3229.0,3240.0,3160.0,3178.0,3201.0,-65.0,-42.0,947513.0,3033178.29,1082665.0,
RB.SHF,20240903,3178.0,3251.0,3223.0,3238.0,3142.0,3149.0,3196.0,-102.0,-55.0,1716879.0,5488692.47,1571584.0,
RB.SHF,20240904,3149.0,3196.0,3140.0,3159.0,3087.0,3109.0,3127.0,-87.0,-69.0,2601602.0,8137225.65,1645158.0,
RB.SHF,20240905,3109.0,3127.0,3110.0,3141.0,3073.0,3083.0,3108.0,-44.0,-19.0,2202508.0,6845499.64,1677290.0,
RB.SHF,20240906,3083.0,3108.0,3101.0,3124.0,3014.0,3051.0,3067.0,-57.0,-41.0,2823651.0,8662323.87,1718737.0,
RB.SHF,20240909,3051.0,3067.0,3060.0,3094.0,2988.0,3078.0,3032.0,11.0,-35.0,3007110.0,9117900.49,1800082.0,
RB.SHF,20240910,3078.0,3032.0,3084.0,3116.0,3058.0,3080.0,3087.0,48.0,55.0,2637623.0,8143543.46,1853061.0,
RB.SHF,20240911,3080.0,3087.0,3080.0,3138.0,3038.0,3137.0,3089.0,50.0,2.0,3139653.0,9700171.19,1880988.0,
RB.SHF,20240912,3137.0,3089.0,3139.0,3194.0,3126.0,3185.0,3158.0,96.0,69.0,2928057.0,9247037.79,1855494.0,
RB.SHF,20240913,3185.0,3158.0,3187.0,3219.0,3170.0,3190.0,3196.0,32.0,38.0,2518063.0,8048656.55,1802789.0,
RB.SHF,20240918,3190.0,3196.0,3185.0,3231.0,3123.0,3150.0,3170.0,-46.0,-26.0,2600922.0,8246377.77,1871684.0,
RB.SHF,20240919,3150.0,3170.0,3157.0,3211.0,3128.0,3206.0,3174.0,36.0,4.0,3207683.0,10182510.61,1977224.0,
RB.SHF,20240920,3206.0,3174.0,3210.0,3237.0,3141.0,3165.0,3194.0,-9.0,20.0,3311177.0,10576509.41,1981675.0,
RB.SHF,20240923,3165.0,3194.0,3163.0,3167.0,3084.0,3087.0,3117.0,-107.0,-77.0,3220101.0,10038496.83,2029260.0,
RB.SHF,20240924,3087.0,3117.0,3090.0,3220.0,3088.0,3217.0,3151.0,100.0,34.0,4491637.0,14156498.56,1967554.0,
RB.SHF,20240925,3217.0,3151.0,3220.0,3288.0,3216.0,3225.0,3247.0,74.0,96.0,3653042.0,11864759.28,1868854.0,
RB.SHF,20240926,3225.0,3247.0,3223.0,3297.0,3211.0,3281.0,3257.0,34.0,10.0,3295786.0,10736096.04,1871665.0,
RB.SHF,20240927,3281.0,3257.0,3305.0,3349.0,3295.0,3341.0,3319.0,84.0,62.0,3114689.0,10338598.03,1695940.0,
RB.SHF,20240930,3341.0,3319.0,3341.0,3551.0,3323.0,3551.0,3471.0,232.0,152.0,2758421.0,9574871.38,1622556.0,
RB.SHF,20241008,3551.0,3471.0,3680.0,3780.0,3434.0,3486.0,3584.0,15.0,113.0,4220545.0,15130390.86,1540193.0,
RB.SHF,20241009,3486.0,3584.0,3500.0,3545.0,3450.0,3466.0,3500.0,-118.0,-84.0,3644952.0,12759249.25,1622329.0,
RB.SHF,20241010,3466.0,3500.0,3450.0,3511.0,3412.0,3442.0,3460.0,-58.0,-40.0,3806663.0,13174608.05,1703228.0,
RB.SHF,20241011,3442.0,3460.0,3442.0,3484.0,3421.0,3468.0,3455.0,8.0,-5.0,3198181.0,11049742.74,1752309.0,
RB.SHF,20241014,3468.0,3455.0,3472.0,3534.0,3436.0,3502.0,3492.0,47.0,37.0,4049131.0,14140791.11,1740933.0,
RB.SHF,20241015,3502.0,3492.0,3499.0,3512.0,3461.0,3467.0,3487.0,-25.0,-5.0,3584093.0,12498773.68,1781904.0,
RB.SHF,20241016,3467.0,3487.0,3470.0,3502.0,3444.0,3447.0,3474.0,-40.0,-13.0,3479402.0,12090201.13,1859839.0,
RB.SHF,20241017,3447.0,3474.0,3450.0,3486.0,3300.0,3300.0,3399.0,-174.0,-75.0,4903326.0,16668090.52,1898835.0,
RB.SHF,20241018,3300.0,3399.0,3311.0,3384.0,3284.0,3336.0,3322.0,-63.0,-77.0,3902945.0,12966514.81,1804647.0,
RB.SHF,20241021,3336.0,3322.0,3350.0,3376.0,3335.0,3358.0,3354.0,36.0,32.0,2416552.0,8106524.69,1778378.0,
RB.SHF,20241022,3358.0,3354.0,3358.0,3367.0,3300.0,3349.0,3332.0,-5.0,-22.0,2735345.0,9115126.06,1751263.0,
RB.SHF,20241023,3349.0,3332.0,3342.0,3362.0,3308.0,3316.0,3334.0,-16.0,2.0,2479153.0,8267703.52,1807359.0,
RB.SHF,20241024,3316.0,3334.0,3307.0,3340.0,3290.0,3330.0,3312.0,-4.0,-22.0,2641100.0,8749591.47,1802226.0,
RB.SHF,20241025,3330.0,3312.0,3332.0,3389.0,3329.0,3376.0,3362.0,64.0,50.0,2617330.0,8800488.43,1728168.0,
RB.SHF,20241028,3376.0,3362.0,3380.0,3479.0,3372.0,3451.0,3437.0,89.0,75.0,2997381.0,10303268.93,1778152.0,
RB.SHF,20241029,3451.0,3437.0,3450.0,3460.0,3411.0,3422.0,3434.0,-15.0,-3.0,1928067.0,6622878.75,1762609.0,
RB.SHF,20241030,3422.0,3434.0,3451.0,3469.0,3403.0,3442.0,3439.0,8.0,5.0,2252191.0,7746452.52,1732080.0,
RB.SHF,20241031,3442.0,3439.0,3445.0,3451.0,3417.0,3427.0,3434.0,-12.0,-5.0,2057799.0,7068134.18,1726259.0,
RB.SHF,20241101,3427.0,3434.0,3425.0,3434.0,3370.0,3393.0,3400.0,-41.0,-34.0,2381801.0,8098933.49,1706790.0,
RB.SHF,20241104,3393.0,3400.0,3403.0,3483.0,3344.0,3425.0,3389.0,25.0,-11.0,3213882.0,10893801.68,1701525.0,
RB.SHF,20241105,3425.0,3389.0,3425.0,3458.0,3405.0,3433.0,3430.0,44.0,41.0,2032842.0,6973582.32,1701597.0,
RB.SHF,20241106,3433.0,3430.0,3445.0,3446.0,3354.0,3392.0,3401.0,-38.0,-29.0,3356124.0,11414470.74,1677086.0,
RB.SHF,20241107,3392.0,3401.0,3380.0,3438.0,3362.0,3436.0,3399.0,35.0,-2.0,2361478.0,8028988.38,1674191.0,
RB.SHF,20241108,3436.0,3399.0,3443.0,3465.0,3356.0,3367.0,3411.0,-32.0,12.0,3624024.0,12362881.51,1777628.0,
RB.SHF,20241111,3367.0,3411.0,3348.0,3388.0,3307.0,3331.0,3342.0,-80.0,-69.0,2744850.0,9173813.62,1832002.0,
RB.SHF,20241112,3331.0,3342.0,3333.0,3353.0,3308.0,3344.0,3328.0,2.0,-14.0,2032597.0,6765869.03,1817779.0,
RB.SHF,20241113,3344.0,3328.0,3344.0,3367.0,3323.0,3337.0,3344.0,9.0,16.0,1899234.0,6351231.31,1761405.0,
RB.SHF,20241114,3337.0,3344.0,3345.0,3350.0,3304.0,3313.0,3326.0,-31.0,-18.0,1803371.0,5998217.19,1804837.0,
RB.SHF,20241115,3313.0,3326.0,3304.0,3321.0,3231.0,3232.0,3277.0,-94.0,-49.0,2617529.0,8579972.54,1803336.0,
RB.SHF,20241118,3232.0,3277.0,3243.0,3295.0,3226.0,3279.0,3262.0,2.0,-15.0,2342838.0,7644506.79,1766798.0,
RB.SHF,20241119,3279.0,3262.0,3285.0,3330.0,3254.0,3322.0,3291.0,60.0,29.0,2389998.0,7866057.01,1684167.0,
RB.SHF,20241120,3322.0,3291.0,3315.0,3328.0,3304.0,3319.0,3315.0,28.0,24.0,1434021.0,4754755.08,1605126.0,
RB.SHF,20241121,3319.0,3315.0,3319.0,3345.0,3311.0,3332.0,3327.0,17.0,12.0,1737723.0,5782285.3,1536631.0,
RB.SHF,20241122,3332.0,3327.0,3338.0,3343.0,3269.0,3277.0,3304.0,-50.0,-23.0,1794057.0,5927825.96,1516855.0,
RB.SHF,20241125,3277.0,3304.0,3277.0,3344.0,3277.0,3297.0,3307.0,-7.0,3.0,2286942.0,7563256.9,1418516.0,
RB.SHF,20241126,3297.0,3307.0,3300.0,3329.0,3294.0,3303.0,3310.0,-4.0,3.0,1540708.0,5100677.61,1363289.0,
RB.SHF,20241127,3303.0,3310.0,3305.0,3316.0,3274.0,3309.0,3298.0,-1.0,-12.0,1572858.0,5187413.47,1299346.0,
RB.SHF,20241128,3309.0,3298.0,3311.0,3319.0,3284.0,3312.0,3302.0,14.0,4.0,1695442.0,5598576.91,1233968.0,
RB.SHF,20241129,3312.0,3302.0,3309.0,3354.0,3305.0,3318.0,3327.0,16.0,25.0,1785535.0,5940667.05,1116449.0,
RB.SHF,20241202,3318.0,3327.0,3318.0,3349.0,3298.0,3333.0,3325.0,6.0,-2.0,1414682.0,4703823.37,1010298.0,
RB.SHF,20241203,3333.0,3325.0,3333.0,3356.0,3330.0,3352.0,3342.0,27.0,17.0,907857.0,3034551.98,980405.0,
RB.SHF,20241204,3352.0,3342.0,3352.0,3352.0,3300.0,3339.0,3327.0,-3.0,-15.0,1196526.0,3981785.01,863032.0,
RB.SHF,20241205,3339.0,3327.0,3333.0,3342.0,3268.0,3280.0,3305.0,-47.0,-22.0,1044730.0,3452991.05,820430.0,
RB.SHF,20241206,3280.0,3370.0,3340.0,3350.0,3308.0,3311.0,3329.0,-59.0,-41.0,1524215.0,5074155.38,1334694.0,
RB.SHF,20241209,3311.0,3329.0,3305.0,3347.0,3288.0,3330.0,3319.0,1.0,-10.0,1721667.0,5714426.979,1360587.0,
RB.SHF,20241210,3330.0,3319.0,3390.0,3457.0,3385.0,3402.0,3418.0,83.0,99.0,3030547.0,10359674.82,1333488.0,
RB.SHF,20241211,3402.0,3418.0,3402.0,3423.0,3395.0,3413.0,3408.0,-5.0,-10.0,1233061.0,4202962.82,1366184.0,
RB.SHF,20241212,3413.0,3408.0,3413.0,3436.0,3402.0,3428.0,3419.0,20.0,11.0,1334907.0,4564634.8,1434412.0,
RB.SHF,20241213,3428.0,3419.0,3406.0,3411.0,3351.0,3360.0,3377.0,-59.0,-42.0,2022355.0,6830501.11,1446384.0,
RB.SHF,20241216,3360.0,3377.0,3360.0,3379.0,3340.0,3362.0,3355.0,-15.0,-22.0,1337573.0,4488865.79,1427400.0,
RB.SHF,20241217,3362.0,3355.0,3369.0,3377.0,3352.0,3364.0,3364.0,9.0,9.0,1096666.0,3689841.4,1420263.0,
RB.SHF,20241218,3364.0,3364.0,3360.0,3364.0,3305.0,3312.0,3337.0,-52.0,-27.0,1557154.0,5196330.294,1590081.0,
RB.SHF,20241219,3312.0,3337.0,3312.0,3323.0,3258.0,3287.0,3288.0,-50.0,-49.0,2101553.0,6910138.94,1696609.0,
RB.SHF,20241220,3287.0,3288.0,3288.0,3293.0,3273.0,3279.0,3283.0,-9.0,-5.0,1000578.0,3285461.15,1691042.0,
RB.SHF,20241223,3279.0,3283.0,3283.0,3308.0,3256.0,3290.0,3284.0,7.0,1.0,1582804.0,5198425.61,1678153.0,
RB.SHF,20241224,3290.0,3284.0,3290.0,3316.0,3275.0,3314.0,3293.0,30.0,9.0,1306122.0,4301410.42,1664902.0,
RB.SHF,20241225,3314.0,3293.0,3308.0,3315.0,3293.0,3300.0,3304.0,7.0,11.0,1008991.0,3334179.14,1660415.0,
RB.SHF,20241226,3300.0,3304.0,3299.0,3329.0,3289.0,3305.0,3310.0,1.0,6.0,1424785.0,4716260.18,1578827.0,
RB.SHF,20241227,3305.0,3310.0,3307.0,3310.0,3261.0,3268.0,3284.0,-42.0,-26.0,1467866.0,4821317.23,1679845.0,
RB.SHF,20241230,3268.0,3284.0,3265.0,3320.0,3262.0,3317.0,3296.0,33.0,12.0,1632026.0,5379890.34,1607825.0,
RB.SHF,20241231,3317.0,3296.0,3326.0,3327.0,3302.0,3309.0,3312.0,13.0,16.0,1115370.0,3694817.888,1561545.0,
RB.SHF,20250102,3309.0,3312.0,3305.0,3335.0,3284.0,3306.0,3311.0,-6.0,-1.0,1373928.0,4549774.76,1551112.0,
RB.SHF,20250103,3306.0,3311.0,3305.0,3309.0,3260.0,3272.0,3280.0,-39.0,-31.0,1560003.0,5118136.77,1675464.0,
RB.SHF,20250106,3272.0,3280.0,3264.0,3287.0,3251.0,3252.0,3266.0,-28.0,-14.0,1614675.0,5274229.64,1746201.0,
RB.SHF,20250107,3252.0,3266.0,3269.0,3278.0,3232.0,3239.0,3248.0,-27.0,-18.0,1312041.0,4262702.32,1772105.0,
RB.SHF,20250108,3239.0,3248.0,3239.0,3250.0,3204.0,3211.0,3226.0,-37.0,-22.0,1273140.0,4107699.92,1842567.0,
RB.SHF,20250109,3211.0,3226.0,3207.0,3218.0,3184.0,3205.0,3201.0,-21.0,-25.0,1503533.0,4814157.12,1842442.0,
RB.SHF,20250110,3205.0,3201.0,3206.0,3216.0,3189.0,3202.0,3203.0,1.0,2.0,1107492.0,3548241.04,1839478.0,
RB.SHF,20250113,3202.0,3203.0,3213.0,3255.0,3208.0,3249.0,3235.0,46.0,32.0,1647938.0,5331653.12,1762313.0,
RB.SHF,20250114,3249.0,3235.0,3249.0,3293.0,3240.0,3283.0,3268.0,48.0,33.0,1311180.0,4285688.24,1742948.0,
RB.SHF,20250115,3283.0,3268.0,3285.0,3303.0,3270.0,3290.0,3287.0,22.0,19.0,1168495.0,3841238.72,1717577.0,
RB.SHF,20250116,3290.0,3287.0,3290.0,3332.0,3284.0,3327.0,3308.0,40.0,21.0,1462774.0,4839783.79,1755226.0,
RB.SHF,20250117,3327.0,3308.0,3330.0,3378.0,3316.0,3372.0,3346.0,64.0,38.0,1588746.0,5317256.15,1809583.0,
RB.SHF,20250120,3372.0,3346.0,3371.0,3391.0,3340.0,3354.0,3363.0,8.0,17.0,1687191.0,5674386.46,1761893.0,
RB.SHF,20250121,3354.0,3363.0,3356.0,3385.0,3344.0,3354.0,3363.0,-9.0,0.0,1411296.0,4747513.42,1749180.0,
RB.SHF,20250122,3354.0,3363.0,3350.0,3354.0,3320.0,3337.0,3333.0,-26.0,-30.0,1227104.0,4090198.91,1693073.0,
RB.SHF,20250123,3337.0,3333.0,3346.0,3375.0,3337.0,3352.0,3356.0,19.0,23.0,1336839.0,4487157.79,1704493.0,
RB.SHF,20250124,3352.0,3356.0,3342.0,3383.0,3329.0,3377.0,3353.0,21.0,-3.0,1312473.0,4401131.92,1683783.0,
RB.SHF,20250127,3377.0,3353.0,3371.0,3388.0,3353.0,3382.0,3371.0,29.0,18.0,839664.0,2831093.32,1627909.0,
RB.SHF,20250205,3382.0,3371.0,3395.0,3398.0,3307.0,3320.0,3337.0,-51.0,-34.0,1169030.0,3901619.44,1711847.0,
RB.SHF,20250206,3320.0,3337.0,3320.0,3362.0,3317.0,3357.0,3340.0,20.0,3.0,1198192.0,4002310.16,1773454.0,
RB.SHF,20250207,3357.0,3340.0,3355.0,3377.0,3345.0,3352.0,3361.0,12.0,21.0,1254092.0,4215580.28,1828012.0,
RB.SHF,20250210,3352.0,3361.0,3355.0,3374.0,3312.0,3331.0,3340.0,-30.0,-21.0,1851664.0,6184679.44,1856963.0,
RB.SHF,20250211,3331.0,3340.0,3339.0,3339.0,3269.0,3275.0,3302.0,-65.0,-38.0,1803197.0,5955512.25,1947395.0,
RB.SHF,20250212,3275.0,3302.0,3275.0,3297.0,3261.0,3292.0,3280.0,-10.0,-22.0,1274350.0,4180892.99,1895628.0,
RB.SHF,20250213,3292.0,3280.0,3292.0,3299.0,3255.0,3265.0,3277.0,-15.0,-3.0,1297857.0,4254001.83,1889839.0,
RB.SHF,20250214,3265.0,3277.0,3260.0,3288.0,3252.0,3262.0,3268.0,-15.0,-9.0,1124905.0,3677089.88,1885541.0,
RB.SHF,20250217,3262.0,3268.0,3259.0,3301.0,3247.0,3290.0,3269.0,22.0,1.0,1400224.0,4578450.51,1902224.0,
RB.SHF,20250218,3290.0,3269.0,3289.0,3320.0,3276.0,3313.0,3299.0,44.0,30.0,1316289.0,4342586.13,1880432.0,
RB.SHF,20250219,3313.0,3299.0,3318.0,3329.0,3308.0,3315.0,3317.0,16.0,18.0,911004.0,3022557.34,1860033.0,
RB.SHF,20250220,3315.0,3317.0,3311.0,3364.0,3305.0,3358.0,3331.0,41.0,14.0,1572547.0,5238624.16,1924251.0,
RB.SHF,20250221,3358.0,3331.0,3358.0,3377.0,3356.0,3361.0,3366.0,30.0,35.0,1237733.0,4166880.57,1937279.0,
RB.SHF,20250224,3361.0,3366.0,3340.0,3355.0,3321.0,3340.0,3338.0,-26.0,-28.0,1370969.0,4576634.24,1892131.0,
RB.SHF,20250225,3340.0,3338.0,3338.0,3343.0,3268.0,3273.0,3298.0,-65.0,-40.0,1783574.0,5883022.19,1927913.0,
RB.SHF,20250226,3273.0,3298.0,3273.0,3346.0,3269.0,3339.0,3313.0,41.0,15.0,2666374.0,8834431.49,1936010.0,
RB.SHF,20250227,3339.0,3313.0,3340.0,3352.0,3295.0,3329.0,3325.0,16.0,12.0,2344249.0,7796736.2,1908752.0,
RB.SHF,20250228,3329.0,3325.0,3332.0,3337.0,3301.0,3328.0,3318.0,3.0,-7.0,1588693.0,5271747.0,1891741.0,
RB.SHF,20250303,3328.0,3318.0,3320.0,3340.0,3292.0,3296.0,3319.0,-22.0,1.0,2038460.0,6766919.02,1904595.0,
RB.SHF,20250304,3296.0,3319.0,3298.0,3309.0,3260.0,3282.0,3282.0,-37.0,-37.0,1805693.0,5926605.71,1966385.0,
RB.SHF,20250305,3282.0,3282.0,3279.0,3288.0,3252.0,3259.0,3268.0,-23.0,-14.0,1789010.0,5847403.15,2047118.0,
RB.SHF,20250306,3259.0,3268.0,3260.0,3299.0,3254.0,3282.0,3274.0,14.0,6.0,1991285.0,6520920.69,2039890.0,
RB.SHF,20250307,3282.0,3274.0,3278.0,3285.0,3245.0,3252.0,3264.0,-22.0,-10.0,1987064.0,6485841.66,2118487.0,
RB.SHF,20250310,3252.0,3264.0,3240.0,3266.0,3215.0,3220.0,3236.0,-44.0,-28.0,2009350.0,6503899.18,2216822.0,
RB.SHF,20250311,3220.0,3236.0,3220.0,3225.0,3186.0,3209.0,3207.0,-27.0,-29.0,1646378.0,5279962.94,2206072.0,
RB.SHF,20250312,3209.0,3207.0,3218.0,3230.0,3202.0,3226.0,3217.0,19.0,10.0,1584434.0,5097510.62,2200520.0,
RB.SHF,20250313,3226.0,3217.0,3230.0,3258.0,3228.0,3256.0,3242.0,39.0,25.0,1928609.0,6253630.78,2056013.0,
RB.SHF,20250314,3256.0,3242.0,3258.0,3274.0,3241.0,3267.0,3257.0,25.0,15.0,1274506.0,4152144.59,1963117.0,
RB.SHF,20250317,3267.0,3257.0,3268.0,3272.0,3210.0,3217.0,3234.0,-40.0,-23.0,1608112.0,5201439.54,2048429.0,
RB.SHF,20250318,3217.0,3234.0,3215.0,3217.0,3186.0,3191.0,3200.0,-43.0,-34.0,1498790.0,4797236.03,2164560.0,
RB.SHF,20250319,3191.0,3200.0,3195.0,3197.0,3155.0,3162.0,3169.0,-38.0,-31.0,1579305.0,5005146.46,2173949.0,
RB.SHF,20250320,3162.0,3169.0,3162.0,3176.0,3134.0,3176.0,3157.0,7.0,-12.0,1727171.0,5453927.72,2137880.0,
RB.SHF,20250321,3176.0,3157.0,3172.0,3178.0,3151.0,3156.0,3165.0,-1.0,8.0,1355881.0,4291371.86,2077123.0,
RB.SHF,20250324,3156.0,3165.0,3159.0,3210.0,3136.0,3204.0,3179.0,39.0,14.0,1894792.0,6024509.76,1930428.0,
RB.SHF,20250325,3204.0,3179.0,3204.0,3225.0,3185.0,3220.0,3207.0,41.0,28.0,1676454.0,5377596.47,1794958.0,
RB.SHF,20250326,3220.0,3207.0,3220.0,3229.0,3202.0,3209.0,3214.0,2.0,7.0,1163080.0,3739050.75,1712086.0,
RB.SHF,20250327,3209.0,3214.0,3205.0,3223.0,3188.0,3208.0,3206.0,-6.0,-8.0,1477756.0,4738304.51,1607725.0,
RB.SHF,20250328,3208.0,3206.0,3210.0,3210.0,3181.0,3197.0,3192.0,-9.0,-14.0,1417171.0,4525024.85,1553390.0,
RB.SHF,20250331,3197.0,3192.0,3197.0,3201.0,3153.0,3159.0,3173.0,-33.0,-19.0,1286485.0,4082484.88,1403648.0,
RB.SHF,20250401,3159.0,3173.0,3159.0,3188.0,3131.0,3170.0,3156.0,-3.0,-17.0,1317976.0,4160686.81,1272676.0,
RB.SHF,20250402,3170.0,3156.0,3170.0,3181.0,3151.0,3166.0,3170.0,10.0,14.0,724030.0,2295175.51,1210865.0,
RB.SHF,20250403,3166.0,3170.0,3175.0,3190.0,3141.0,3164.0,3165.0,-6.0,-5.0,975196.0,3086804.82,1118015.0,
RB.SHF,20250407,3164.0,3165.0,3080.0,3108.0,3041.0,3083.0,3078.0,-82.0,-87.0,1042392.0,3209227.28,939691.0,
RB.SHF,20250408,3083.0,3139.0,3158.0,3171.0,3093.0,3101.0,3131.0,-38.0,-8.0,1790923.0,5608077.77,1640009.0,
RB.SHF,20250409,3101.0,3131.0,3102.0,3115.0,3033.0,3088.0,3077.0,-43.0,-54.0,2234794.0,6876557.73,1687170.0,
RB.SHF,20250410,3088.0,3077.0,3075.0,3155.0,3066.0,3139.0,3123.0,62.0,46.0,1929556.0,6026386.11,1686421.0,
RB.SHF,20250411,3139.0,3123.0,3145.0,3146.0,3104.0,3131.0,3126.0,8.0,3.0,1505491.0,4706423.33,1665377.0,
RB.SHF,20250414,3131.0,3126.0,3130.0,3145.0,3118.0,3126.0,3131.0,0.0,5.0,1066833.0,3340328.79,1705840.0,
RB.SHF,20250415,3126.0,3131.0,3127.0,3140.0,3112.0,3125.0,3126.0,-6.0,-5.0,1128992.0,3529937.73,1708811.0,
RB.SHF,20250416,3125.0,3126.0,3122.0,3133.0,3088.0,3093.0,3106.0,-33.0,-20.0,1202994.0,3737335.64,1838220.0,
RB.SHF,20250417,3093.0,3106.0,3096.0,3118.0,3086.0,3092.0,3101.0,-14.0,-5.0,1414470.0,4387507.18,1859673.0,
RB.SHF,20250418,3092.0,3101.0,3091.0,3100.0,3073.0,3076.0,3088.0,-25.0,-13.0,1332522.0,4115546.83,1926742.0,
RB.SHF,20250421,3076.0,3088.0,3080.0,3119.0,3070.0,3113.0,3098.0,25.0,10.0,1277622.0,3959115.73,1953540.0,
RB.SHF,20250422,3113.0,3098.0,3118.0,3123.0,3065.0,3075.0,3092.0,-23.0,-6.0,1344693.0,4158595.89,2012421.0,
RB.SHF,20250423,3075.0,3092.0,3080.0,3146.0,3073.0,3137.0,3109.0,45.0,17.0,1965374.0,6111812.99,1968021.0,
RB.SHF,20250424,3137.0,3109.0,3138.0,3139.0,3095.0,3106.0,3116.0,-3.0,7.0,1456883.0,4539912.2,1980197.0,
RB.SHF,20250425,3106.0,3116.0,3114.0,3130.0,3096.0,3101.0,3110.0,-15.0,-6.0,1679713.0,5225145.94,1986742.0,
RB.SHF,20250428,3101.0,3110.0,3106.0,3164.0,3102.0,3129.0,3138.0,19.0,28.0,3309555.0,10386481.61,2032936.0,
RB.SHF,20250429,3129.0,3138.0,3129.0,3131.0,3092.0,3100.0,3109.0,-38.0,-29.0,1627530.0,5060010.16,2017637.0,
RB.SHF,20250430,3100.0,3109.0,3100.0,3104.0,3085.0,3096.0,3096.0,-13.0,-13.0,1034654.0,3203584.36,1911940.0,
RB.SHF,20250506,3096.0,3096.0,3120.0,3130.0,3071.0,3077.0,3092.0,-19.0,-4.0,1325224.0,4097674.3,2004472.0,
RB.SHF,20250507,3077.0,3092.0,3090.0,3136.0,3080.0,3098.0,3106.0,6.0,14.0,2279629.0,7081958.0,1974322.0,
RB.SHF,20250508,3098.0,3106.0,3101.0,3102.0,3047.0,3052.0,3072.0,-54.0,-34.0,2053864.0,6311024.97,2234779.0,
RB.SHF,20250509,3052.0,3072.0,3052.0,3053.0,3016.0,3022.0,3036.0,-50.0,-36.0,1655962.0,5027830.14,2344321.0,
RB.SHF,20250512,3022.0,3036.0,3023.0,3086.0,3014.0,3082.0,3052.0,46.0,16.0,2373248.0,7244981.71,2180461.0,
RB.SHF,20250513,3082.0,3052.0,3105.0,3115.0,3066.0,3079.0,3089.0,27.0,37.0,1930069.0,5962974.98,2151176.0,
RB.SHF,20250514,3079.0,3089.0,3084.0,3133.0,3067.0,3127.0,3106.0,38.0,17.0,2134942.0,6631662.92,2111525.0,
RB.SHF,20250515,3127.0,3106.0,3126.0,3130.0,3111.0,3118.0,3118.0,12.0,12.0,1151080.0,3589831.15,2088127.0,
RB.SHF,20250516,3118.0,3118.0,3119.0,3119.0,3080.0,3082.0,3100.0,-36.0,-18.0,1485885.0,4606982.23,2073027.0,
RB.SHF,20250519,3082.0,3100.0,3078.0,3095.0,3061.0,3069.0,3076.0,-31.0,-24.0,1291096.0,3971951.97,2113045.0,
RB.SHF,20250520,3069.0,3076.0,3065.0,3080.0,3050.0,3058.0,3063.0,-18.0,-13.0,1285345.0,3938265.69,2160329.0,
RB.SHF,20250521,3058.0,3063.0,3062.0,3074.0,3053.0,3061.0,3062.0,-2.0,-1.0,1023277.0,3133290.21,2169396.0,
RB.SHF,20250522,3061.0,3062.0,3062.0,3076.0,3043.0,3061.0,3059.0,-1.0,-3.0,1461626.0,4472126.67,2174638.0,
RB.SHF,20250523,3061.0,3059.0,3060.0,3069.0,3044.0,3046.0,3055.0,-13.0,-4.0,1208627.0,3692617.54,2158221.0,
RB.SHF,20250526,3046.0,3055.0,3040.0,3045.0,2996.0,3004.0,3017.0,-51.0,-38.0,1829729.0,5521285.25,2349145.0,
RB.SHF,20250527,3004.0,3017.0,3010.0,3018.0,2964.0,2980.0,2987.0,-37.0,-30.0,1935755.0,5782467.96,2399979.0,
RB.SHF,20250528,2980.0,2987.0,2981.0,2982.0,2950.0,2964.0,2964.0,-23.0,-23.0,1333951.0,3954637.54,2441388.0,
RB.SHF,20250529,2964.0,2964.0,2960.0,2990.0,2954.0,2978.0,2971.0,14.0,7.0,1945056.0,5779779.5,2377320.0,
RB.SHF,20250530,2978.0,2971.0,2978.0,2978.0,2946.0,2961.0,2963.0,-10.0,-8.0,1549422.0,4592403.71,2296076.0,
RB.SHF,20250603,2961.0,2963.0,2948.0,2948.0,2912.0,2928.0,2928.0,-35.0,-35.0,1553663.0,4549707.1,2297854.0,
RB.SHF,20250604,2928.0,2928.0,2930.0,2988.0,2925.0,2974.0,2955.0,46.0,27.0,2066104.0,6106838.3,2280391.0,
RB.SHF,20250605,2974.0,2955.0,2974.0,2979.0,2935.0,2959.0,2958.0,4.0,3.0,1486968.0,4399398.34,2257013.0,
RB.SHF,20250606,2959.0,2958.0,2969.0,3002.0,2963.0,2975.0,2982.0,17.0,24.0,1845348.0,5504616.32,2216449.0,
RB.SHF,20250609,2975.0,2982.0,2975.0,2990.0,2962.0,2981.0,2976.0,-1.0,-6.0,1433362.0,4266903.49,2196722.0,
RB.SHF,20250610,2981.0,2976.0,2983.0,2988.0,2957.0,2974.0,2971.0,-2.0,-5.0,1456363.0,4327976.27,2165234.0,
RB.SHF,20250611,2974.0,2971.0,2974.0,3008.0,2974.0,2991.0,2989.0,20.0,18.0,1514855.0,4528342.24,2164232.0,
RB.SHF,20250612,2991.0,2989.0,2994.0,2994.0,2963.0,2968.0,2975.0,-21.0,-14.0,1312653.0,3906245.1,2220025.0,
RB.SHF,20250613,2968.0,2975.0,2970.0,2985.0,2940.0,2969.0,2961.0,-6.0,-14.0,2168544.0,6422378.12,2135661.0,
RB.SHF,20250616,2969.0,2961.0,2961.0,2994.0,2951.0,2990.0,2976.0,29.0,15.0,1537422.0,4576472.64,2164732.0,
RB.SHF,20250617,2990.0,2976.0,2986.0,2994.0,2972.0,2981.0,2982.0,5.0,6.0,1046277.0,3120094.64,2140997.0,
RB.SHF,20250618,2981.0,2982.0,2979.0,2996.0,2969.0,2986.0,2982.0,4.0,0.0,1326973.0,3958113.12,2133943.0,
RB.SHF,20250619,2986.0,2982.0,2986.0,3002.0,2975.0,2986.0,2985.0,4.0,3.0,1180366.0,3523781.17,2132733.0,
RB.SHF,20250620,2986.0,2985.0,2990.0,3010.0,2982.0,2992.0,2994.0,7.0,9.0,1414281.0,4235078.15,2164155.0,
RB.SHF,20250623,2992.0,2994.0,2991.0,3006.0,2983.0,2995.0,2993.0,1.0,-1.0,976619.0,2923364.33,2157949.0,
RB.SHF,20250624,2995.0,2993.0,2992.0,3005.0,2975.0,2977.0,2986.0,-16.0,-7.0,1530297.0,4570154.26,2168877.0,
RB.SHF,20250625,2977.0,2986.0,2976.0,2980.0,2960.0,2976.0,2970.0,-10.0,-16.0,1361264.0,4043151.32,2172600.0,
RB.SHF,20250626,2976.0,2970.0,2976.0,2977.0,2952.0,2973.0,2966.0,3.0,-4.0,1377892.0,4087361.81,2191778.0,
RB.SHF,20250627,2973.0,2966.0,2975.0,3005.0,2971.0,2995.0,2990.0,29.0,24.0,1500826.0,4487928.738,2142813.0,
RB.SHF,20250630,2995.0,2990.0,2998.0,3027.0,2994.0,2997.0,3009.0,7.0,19.0,1768212.0,5321542.42,2124170.0,
RB.SHF,20250701,2997.0,3009.0,2993.0,3004.0,2977.0,3003.0,2987.0,-6.0,-22.0,1372384.0,4100302.48,2076067.0,
RB.SHF,20250702,3003.0,2987.0,3003.0,3071.0,3003.0,3065.0,3032.0,78.0,45.0,2371284.0,7191823.39,2226379.0,
RB.SHF,20250703,3065.0,3032.0,3075.0,3086.0,3050.0,3076.0,3065.0,44.0,33.0,1776150.0,5445362.03,2237249.0,
RB.SHF,20250704,3076.0,3065.0,3073.0,3095.0,3070.0,3072.0,3082.0,7.0,17.0,1644200.0,5068859.14,2238587.0,
RB.SHF,20250707,3072.0,3082.0,3070.0,3085.0,3053.0,3061.0,3067.0,-21.0,-15.0,1226302.0,3762007.74,2197330.0,
RB.SHF,20250708,3061.0,3067.0,3059.0,3074.0,3050.0,3063.0,3061.0,-4.0,-6.0,954572.0,2922806.84,2168547.0,
RB.SHF,20250709,3063.0,3061.0,3061.0,3077.0,3054.0,3063.0,3065.0,2.0,4.0,1026448.0,3146974.26,2174941.0,
RB.SHF,20250710,3063.0,3065.0,3060.0,3130.0,3060.0,3123.0,3099.0,58.0,34.0,2153427.0,6675518.97,2230035.0,
RB.SHF,20250711,3123.0,3099.0,3116.0,3149.0,3116.0,3133.0,3133.0,34.0,34.0,1654545.0,5185249.17,2200525.0,
RB.SHF,20250714,3133.0,3133.0,3133.0,3143.0,3122.0,3138.0,3131.0,5.0,-2.0,1164609.0,3647239.74,2122341.0,
RB.SHF,20250715,3138.0,3131.0,3131.0,3138.0,3102.0,3114.0,3121.0,-17.0,-10.0,1439493.0,4492852.48,2153852.0,
RB.SHF,20250716,3114.0,3121.0,3115.0,3122.0,3094.0,3106.0,3108.0,-15.0,-13.0,1130791.0,3515386.75,2137057.0,
RB.SHF,20250717,3106.0,3108.0,3105.0,3135.0,3105.0,3133.0,3124.0,25.0,16.0,1501721.0,4691715.06,2126876.0,
RB.SHF,20250718,3133.0,3124.0,3135.0,3177.0,3135.0,3147.0,3156.0,23.0,32.0,1874850.0,5917248.88,2075790.0,
RB.SHF,20250721,3147.0,3156.0,3159.0,3240.0,3156.0,3224.0,3207.0,68.0,51.0,2696289.0,8648887.27,2095912.0,
RB.SHF,20250722,3224.0,3207.0,3224.0,3335.0,3215.0,3307.0,3264.0,100.0,57.0,3266737.0,10665720.49,2024507.0,
RB.SHF,20250723,3307.0,3264.0,3320.0,3330.0,3245.0,3274.0,3283.0,10.0,19.0,2847460.0,9350081.41,1922698.0,
RB.SHF,20250724,3274.0,3283.0,3277.0,3330.0,3249.0,3294.0,3280.0,11.0,-3.0,2533253.0,8309229.08,1906352.0,
RB.SHF,20250725,3294.0,3280.0,3318.0,3358.0,3288.0,3356.0,3316.0,76.0,36.0,2878137.0,9545641.26,1998652.0,
RB.SHF,20250728,3356.0,3316.0,3352.0,3352.0,3230.0,3248.0,3282.0,-68.0,-34.0,3414713.0,11208167.57,1935881.0,
RB.SHF,20250729,3248.0,3282.0,3259.0,3349.0,3248.0,3347.0,3301.0,65.0,19.0,2711612.0,8951879.44,2175237.0,
RB.SHF,20250730,3347.0,3301.0,3350.0,3384.0,3291.0,3315.0,3345.0,14.0,44.0,3510866.0,11745394.99,2029133.0,
RB.SHF,20250731,3315.0,3345.0,3301.0,3301.0,3186.0,3205.0,3243.0,-140.0,-102.0,2730966.0,8859077.03,1816026.0,
RB.SHF,20250801,3205.0,3243.0,3210.0,3235.0,3192.0,3203.0,3213.0,-40.0,-30.0,1929148.0,6199245.69,1760703.0,
RB.SHF,20250804,3203.0,3213.0,3206.0,3216.0,3164.0,3204.0,3189.0,-9.0,-24.0,1634527.0,5213003.11,1742635.0,
RB.SHF,20250805,3204.0,3189.0,3209.0,3247.0,3188.0,3233.0,3210.0,44.0,21.0,1580653.0,5074673.61,1708832.0,
RB.SHF,20250806,3233.0,3210.0,3233.0,3246.0,3212.0,3234.0,3230.0,24.0,20.0,1202766.0,3885038.6,1652569.0,
RB.SHF,20250807,3234.0,3230.0,3234.0,3262.0,3214.0,3231.0,3236.0,1.0,6.0,1648650.0,5335445.97,1628167.0,
RB.SHF,20250808,3231.0,3236.0,3235.0,3235.0,3204.0,3213.0,3215.0,-23.0,-21.0,1040873.0,3346723.38,1612110.0,
RB.SHF,20250811,3213.0,3215.0,3210.0,3255.0,3191.0,3250.0,3227.0,35.0,12.0,1411239.0,4555424.94,1612625.0,
RB.SHF,20250812,3250.0,3227.0,3250.0,3269.0,3235.0,3258.0,3252.0,31.0,25.0,1141600.0,3713211.95,1605388.0,
RB.SHF,20250813,3258.0,3252.0,3260.0,3274.0,3221.0,3222.0,3248.0,-30.0,-4.0,1236428.0,4016513.99,1652593.0,
RB.SHF,20250814,3222.0,3248.0,3206.0,3225.0,3174.0,3189.0,3201.0,-59.0,-47.0,1283713.0,4110140.81,1636544.0,
RB.SHF,20250815,3189.0,3201.0,3189.0,3200.0,3167.0,3188.0,3183.0,-13.0,-18.0,1119005.0,3561904.58,1617947.0,
RB.SHF,20250818,3188.0,3183.0,3190.0,3203.0,3142.0,3155.0,3173.0,-28.0,-10.0,1316477.0,4177769.54,1609893.0,
RB.SHF,20250819,3155.0,3173.0,3161.0,3170.0,3122.0,3126.0,3144.0,-47.0,-29.0,1121791.0,3527290.39,1608694.0,
RB.SHF,20250820,3126.0,3144.0,3130.0,3141.0,3104.0,3132.0,3122.0,-12.0,-22.0,1317374.0,4113250.37,1523392.0,
RB.SHF,20250821,3132.0,3122.0,3139.0,3145.0,3115.0,3121.0,3130.0,-1.0,8.0,1125179.0,3522039.45,1458111.0,
RB.SHF,20250822,3121.0,3130.0,3108.0,3127.0,3106.0,3119.0,3116.0,-11.0,-14.0,801286.0,2497362.02,1411603.0,
RB.SHF,20250825,3119.0,3116.0,3121.0,3165.0,3121.0,3138.0,3144.0,22.0,28.0,1200313.0,3773835.43,1347830.0,
RB.SHF,20250826,3138.0,3144.0,3142.0,3143.0,3111.0,3113.0,3126.0,-31.0,-18.0,770094.0,2407358.54,1308206.0,
RB.SHF,20250827,3113.0,3126.0,3110.0,3128.0,3097.0,3111.0,3112.0,-15.0,-14.0,1006734.0,3133812.01,1234764.0,
RB.SHF,20250828,3111.0,3112.0,3100.0,3136.0,3098.0,3129.0,3116.0,17.0,4.0,947402.0,2952542.35,1148167.0,
RB.SHF,20250829,3129.0,3116.0,3132.0,3134.0,3083.0,3090.0,3107.0,-26.0,-9.0,808672.0,2513022.56,1055710.0,
RB.SHF,20250901,3090.0,3175.0,3150.0,3161.0,3094.0,3115.0,3122.0,-60.0,-53.0,1342816.0,4193197.26,1633714.0,
RB.SHF,20250902,3115.0,3122.0,3115.0,3135.0,3101.0,3117.0,3116.0,-5.0,-6.0,869767.0,2710625.56,1675244.0,
RB.SHF,20250903,3117.0,3116.0,3120.0,3146.0,3099.0,3106.0,3119.0,-10.0,3.0,1169148.0,3647643.19,1754813.0,
RB.SHF,20250904,3106.0,3119.0,3107.0,3132.0,3088.0,3117.0,3110.0,-2.0,-9.0,1231326.0,3829975.2,1736432.0,
RB.SHF,20250905,3117.0,3110.0,3117.0,3153.0,3100.0,3143.0,3126.0,33.0,16.0,1385167.0,4331232.79,1737894.0,
RB.SHF,20250908,3143.0,3126.0,3146.0,3151.0,3106.0,3132.0,3123.0,6.0,-3.0,1257953.0,3928950.84,1798654.0,
RB.SHF,20250909,3132.0,3123.0,3138.0,3152.0,3115.0,3123.0,3132.0,0.0,9.0,1329359.0,4164607.59,1778829.0,
RB.SHF,20250910,3123.0,3132.0,3115.0,3126.0,3092.0,3109.0,3108.0,-23.0,-24.0,1264549.0,3930758.05,1867674.0,
RB.SHF,20250911,3109.0,3108.0,3110.0,3119.0,3082.0,3092.0,3101.0,-16.0,-7.0,1542810.0,4784746.92,2000701.0,
RB.SHF,20250912,3092.0,3101.0,3092.0,3137.0,3075.0,3127.0,3107.0,26.0,6.0,2108701.0,6552885.82,1912184.0,
RB.SHF,20250915,3127.0,3107.0,3127.0,3144.0,3110.0,3136.0,3127.0,29.0,20.0,1471013.0,4600000.44,1978070.0,
RB.SHF,20250916,3136.0,3127.0,3150.0,3180.0,3144.0,3166.0,3166.0,39.0,39.0,1965356.0,6222939.65,1956248.0,
RB.SHF,20250917,3166.0,3166.0,3168.0,3170.0,3141.0,3168.0,3155.0,2.0,-11.0,1242094.0,3919004.77,1963371.0,
RB.SHF,20250918,3168.0,3155.0,3166.0,3176.0,3123.0,3147.0,3149.0,-8.0,-6.0,1727718.0,5441388.98,1999684.0,
RB.SHF,20250919,3147.0,3149.0,3144.0,3175.0,3141.0,3172.0,3158.0,23.0,9.0,1250591.0,3950448.63,1970510.0,
RB.SHF,20250922,3172.0,3158.0,3172.0,3202.0,3171.0,3185.0,3187.0,27.0,29.0,1652529.0,5267052.22,1861142.0,
RB.SHF,20250923,3185.0,3187.0,3182.0,3182.0,3146.0,3155.0,3163.0,-32.0,-24.0,1290376.0,4081594.01,1881412.0,
RB.SHF,20250924,3155.0,3163.0,3156.0,3179.0,3140.0,3164.0,3157.0,1.0,-6.0,1205152.0,3805117.07,1882224.0,
RB.SHF,20250925,3164.0,3157.0,3168.0,3175.0,3152.0,3167.0,3164.0,10.0,7.0,883015.0,2794723.65,1870449.0,
RB.SHF,20250926,3167.0,3164.0,3165.0,3171.0,3113.0,3114.0,3139.0,-50.0,-25.0,1388756.0,4359601.05,1976545.0,
RB.SHF,20250929,3114.0,3139.0,3115.0,3117.0,3097.0,3097.0,3107.0,-42.0,-32.0,1145688.0,3560663.81,1926639.0,
RB.SHF,20250930,3097.0,3107.0,3106.0,3111.0,3068.0,3072.0,3090.0,-35.0,-17.0,959828.0,2966083.12,1873832.0,
RB.SHF,20251009,3072.0,3090.0,3088.0,3100.0,3073.0,3096.0,3087.0,6.0,-3.0,823683.0,2543019.0,1908129.0,
RB.SHF,20251010,3096.0,3087.0,3110.0,3124.0,3093.0,3103.0,3107.0,16.0,20.0,1039362.0,3229813.21,1926153.0,
RB.SHF,20251013,3103.0,3107.0,3107.0,3114.0,3066.0,3083.0,3086.0,-24.0,-21.0,1231858.0,3801864.71,1952748.0,
RB.SHF,20251014,3083.0,3086.0,3090.0,3093.0,3039.0,3061.0,3060.0,-25.0,-26.0,1158107.0,3544663.55,1991462.0,
RB.SHF,20251015,3061.0,3060.0,3061.0,3063.0,3027.0,3034.0,3044.0,-26.0,-16.0,1018136.0,3099869.69,2051545.0,
RB.SHF,20251016,3034.0,3044.0,3036.0,3054.0,3021.0,3049.0,3036.0,5.0,-8.0,1036367.0,3146884.843,2039387.0,
RB.SHF,20251017,3049.0,3036.0,3053.0,3061.0,3032.0,3037.0,3046.0,1.0,10.0,854671.0,2604116.78,2004317.0,
RB.SHF,20251020,3037.0,3046.0,3040.0,3076.0,3040.0,3045.0,3058.0,-1.0,12.0,1232540.0,3770176.81,2005926.0,
RB.SHF,20251021,3045.0,3058.0,3045.0,3065.0,3036.0,3047.0,3050.0,-11.0,-8.0,894573.0,2728521.69,1995833.0,
RB.SHF,20251022,3047.0,3050.0,3048.0,3068.0,3045.0,3068.0,3058.0,18.0,8.0,822987.0,2517196.561,1977511.0,
RB.SHF,20251023,3068.0,3058.0,3072.0,3083.0,3059.0,3071.0,3069.0,13.0,11.0,930140.0,2855451.3,1969325.0,
RB.SHF,20251024,3071.0,3069.0,3072.0,3076.0,3038.0,3046.0,3053.0,-23.0,-16.0,1081693.0,3302420.09,2050545.0,
RB.SHF,20251027,3046.0,3053.0,3050.0,3100.0,3048.0,3100.0,3076.0,47.0,23.0,1696201.0,5219128.848,1953001.0,
RB.SHF,20251028,3100.0,3076.0,3100.0,3119.0,3087.0,3091.0,3102.0,15.0,26.0,1333406.0,4137317.11,1930357.0,
RB.SHF,20251029,3091.0,3102.0,3094.0,3135.0,3092.0,3133.0,3118.0,31.0,16.0,1239602.0,3866044.94,1894007.0,
RB.SHF,20251030,3133.0,3118.0,3137.0,3143.0,3096.0,3106.0,3121.0,-12.0,3.0,1440978.0,4498464.78,1894916.0,
RB.SHF,20251031,3106.0,3121.0,3106.0,3126.0,3097.0,3106.0,3109.0,-15.0,-12.0,985855.0,3065474.55,1879450.0,
RB.SHF,20251103,3106.0,3109.0,3105.0,3108.0,3076.0,3079.0,3088.0,-30.0,-21.0,1150576.0,3554024.68,1919017.0,
RB.SHF,20251104,3079.0,3088.0,3083.0,3084.0,3040.0,3044.0,3061.0,-44.0,-27.0,1016465.0,3112259.63,1966544.0,
RB.SHF,20251105,3044.0,3061.0,3046.0,3046.0,3009.0,3024.0,3025.0,-37.0,-36.0,1149565.0,3477944.05,2031781.0,
RB.SHF,20251106,3024.0,3025.0,3026.0,3042.0,3017.0,3037.0,3028.0,12.0,3.0,884740.0,2679782.86,2020353.0,
RB.SHF,20251107,3037.0,3028.0,3038.0,3045.0,3025.0,3034.0,3036.0,6.0,8.0,800946.0,2431802.01,1960886.0,
RB.SHF,20251110,3034.0,3036.0,3037.0,3050.0,3022.0,3044.0,3035.0,8.0,-1.0,1049513.0,3186248.3,1923733.0,
RB.SHF,20251111,3044.0,3035.0,3040.0,3046.0,3020.0,3025.0,3034.0,-10.0,-1.0,753110.0,2285220.49,1923701.0,
RB.SHF,20251112,3025.0,3034.0,3025.0,3049.0,3022.0,3038.0,3039.0,4.0,5.0,775671.0,2357749.36,1868036.0,
RB.SHF,20251113,3038.0,3039.0,3040.0,3054.0,3026.0,3046.0,3040.0,7.0,1.0,885545.0,2692196.11,1857343.0,
RB.SHF,20251114,3046.0,3040.0,3048.0,3057.0,3034.0,3053.0,3047.0,13.0,7.0,769087.0,2343499.48,1837133.0,
RB.SHF,20251117,3053.0,3047.0,3047.0,3104.0,3040.0,3097.0,3076.0,50.0,29.0,1329238.0,4088754.36,1729748.0,
RB.SHF,20251118,3097.0,3076.0,3100.0,3100.0,3075.0,3090.0,3085.0,14.0,9.0,801889.0,2473919.62,1655469.0,
RB.SHF,20251119,3090.0,3085.0,3084.0,3096.0,3065.0,3070.0,3081.0,-15.0,-4.0,912064.0,2810939.29,1631133.0,
RB.SHF,20251120,3070.0,3081.0,3065.0,3075.0,3040.0,3050.0,3055.0,-31.0,-26.0,1151053.0,3517593.68,1573323.0,
RB.SHF,20251121,3050.0,3055.0,3057.0,3072.0,3050.0,3057.0,3060.0,2.0,5.0,778562.0,2382885.29,1513411.0,
RB.SHF,20251124,3057.0,3060.0,3057.0,3117.0,3050.0,3089.0,3084.0,29.0,24.0,1264959.0,3901186.25,1432705.0,
RB.SHF,20251125,3089.0,3084.0,3089.0,3113.0,3086.0,3106.0,3101.0,22.0,17.0,929789.0,2883650.12,1301038.0,
RB.SHF,20251126,3106.0,3101.0,3106.0,3107.0,3085.0,3099.0,3097.0,-2.0,-4.0,753169.0,2332914.86,1200700.0,
RB.SHF,20251127,3099.0,3097.0,3099.0,3099.0,3077.0,3093.0,3088.0,-4.0,-9.0,753252.0,2326282.06,1069617.0,
RB.SHF,20251128,3093.0,3088.0,3093.0,3113.0,3084.0,3110.0,3098.0,22.0,10.0,680875.0,2109658.0,972278.0,
